[{"fields": {"model": "logentry", "app_label": "admin"}, "model": "contenttypes.contenttype", "pk": 1}, {"fields": {"model": "permission", "app_label": "auth"}, "model": "contenttypes.contenttype", "pk": 2}, {"fields": {"model": "group", "app_label": "auth"}, "model": "contenttypes.contenttype", "pk": 3}, {"fields": {"model": "user", "app_label": "auth"}, "model": "contenttypes.contenttype", "pk": 4}, {"fields": {"model": "contenttype", "app_label": "contenttypes"}, "model": "contenttypes.contenttype", "pk": 5}, {"fields": {"model": "session", "app_label": "sessions"}, "model": "contenttypes.contenttype", "pk": 6}, {"fields": {"model": "site", "app_label": "sites"}, "model": "contenttypes.contenttype", "pk": 7}, {"fields": {"model": "registrationprofile", "app_label": "registration"}, "model": "contenttypes.contenttype", "pk": 8}, {"fields": {"model": "product", "app_label": "products"}, "model": "contenttypes.contenttype", "pk": 9}, {"fields": {"model": "variation", "app_label": "products"}, "model": "contenttypes.contenttype", "pk": 10}, {"fields": {"model": "productimage", "app_label": "products"}, "model": "contenttypes.contenttype", "pk": 11}, {"fields": {"model": "category", "app_label": "products"}, "model": "contenttypes.contenttype", "pk": 12}, {"fields": {"model": "productfeatured", "app_label": "products"}, "model": "contenttypes.contenttype", "pk": 13}, {"fields": {"model": "cartitem", "app_label": "carts"}, "model": "contenttypes.contenttype", "pk": 14}, {"fields": {"model": "cart", "app_label": "carts"}, "model": "contenttypes.contenttype", "pk": 15}, {"fields": {"model": "usercheckout", "app_label": "orders"}, "model": "contenttypes.contenttype", "pk": 16}, {"fields": {"model": "useraddress", "app_label": "orders"}, "model": "contenttypes.contenttype", "pk": 17}, {"fields": {"model": "order", "app_label": "orders"}, "model": "contenttypes.contenttype", "pk": 18}, {"fields": {"model": "productcharged", "app_label": "products"}, "model": "contenttypes.contenttype", "pk": 19}, {"fields": {"model": "usersocialauth", "app_label": "social_django"}, "model": "contenttypes.contenttype", "pk": 20}, {"fields": {"model": "nonce", "app_label": "social_django"}, "model": "contenttypes.contenttype", "pk": 21}, {"fields": {"model": "association", "app_label": "social_django"}, "model": "contenttypes.contenttype", "pk": 22}, {"fields": {"model": "code", "app_label": "social_django"}, "model": "contenttypes.contenttype", "pk": 23}, {"fields": {"model": "partial", "app_label": "social_django"}, "model": "contenttypes.contenttype", "pk": 24}, {"fields": {"model": "order", "app_label": "carts"}, "model": "contenttypes.contenttype", "pk": 25}, {"fields": {"model": "click", "app_label": "ads"}, "model": "contenttypes.contenttype", "pk": 26}, {"fields": {"model": "advertiser", "app_label": "ads"}, "model": "contenttypes.contenttype", "pk": 27}, {"fields": {"model": "ad", "app_label": "ads"}, "model": "contenttypes.contenttype", "pk": 28}, {"fields": {"model": "adimage", "app_label": "ads"}, "model": "contenttypes.contenttype", "pk": 29}, {"fields": {"model": "impression", "app_label": "ads"}, "model": "contenttypes.contenttype", "pk": 30}, {"fields": {"model": "category", "app_label": "ads"}, "model": "contenttypes.contenttype", "pk": 31}, {"fields": {"model": "producttrend", "app_label": "products"}, "model": "contenttypes.contenttype", "pk": 32}, {"fields": {"expire_date": "2018-12-21T17:57:16.321Z", "session_data": "MDk0MTUyNmU3Zjg3ZDYwNzA5ZTVmYWIyYzcxOWViZDIyOGQwMTU3MTp7ImNhcnRfY291bnQiOjB9"}, "model": "sessions.session", "pk": "03vjkiylmagwmp3hejcr1x7rs27plfs1"}, {"fields": {"expire_date": "2019-05-03T21:57:44.259Z", "session_data": "NDVjN2UxMzNlZWRmMjFiY2I4MjcyMDRkZGNmZTkwYWQyMTdkOGEwNDp7fQ=="}, "model": "sessions.session", "pk": "0d2w1sd19trh4s649zog8b9libo1ry7v"}, {"fields": {"expire_date": "2018-12-07T06:11:39.013Z", "session_data": "MDk0MTUyNmU3Zjg3ZDYwNzA5ZTVmYWIyYzcxOWViZDIyOGQwMTU3MTp7ImNhcnRfY291bnQiOjB9"}, "model": "sessions.session", "pk": "0s79s01puugx03osv2eoglwx4honmddd"}, {"fields": {"expire_date": "2018-12-01T14:13:06.377Z", "session_data": "YWFlZGNiZmM4MjdiNGFmNDYyZGQ3ODk5Mzg1NjZjNjdlNDQwYjA0MDp7InRvdGFsX3ByaWNlIjo3MDAwMCwiY2FydF9jb3VudCI6NCwiY2FydF9pZCI6MTZ9"}, "model": "sessions.session", "pk": "19svut9419v3t9f7xnjwht8yypf9jnkw"}, {"fields": {"expire_date": "2019-01-24T07:43:08.646Z", "session_data": "MDk0MTUyNmU3Zjg3ZDYwNzA5ZTVmYWIyYzcxOWViZDIyOGQwMTU3MTp7ImNhcnRfY291bnQiOjB9"}, "model": "sessions.session", "pk": "1bwmnvz9ig8jp7700jrlpv3hutgw9rxs"}, {"fields": {"expire_date": "2019-05-18T11:03:43.955Z", "session_data": "MDk0MTUyNmU3Zjg3ZDYwNzA5ZTVmYWIyYzcxOWViZDIyOGQwMTU3MTp7ImNhcnRfY291bnQiOjB9"}, "model": "sessions.session", "pk": "1tt9r17l7pygkiovgtb3otw3xedxyvoo"}, {"fields": {"expire_date": "2018-12-06T19:34:22.645Z", "session_data": "YzI5MmNiNDE0NjIzZjhlMTg5NWRkZTJiOWZkMTk4NDM2N2Y0NTAxZDp7InRvdGFsX3ByaWNlIjowLCJfYXV0aF91c2VyX2lkIjoiMTMiLCJjYXJ0X2NvdW50IjowLCJfYXV0aF91c2VyX2JhY2tlbmQiOiJkamFuZ28uY29udHJpYi5hdXRoLmJhY2tlbmRzLk1vZGVsQmFja2VuZCIsInVzZXJfY2hlY2tvdXRfaWQiOjUsIl9hdXRoX3VzZXJfaGFzaCI6Ijg2YTc4MTk4NGM0MGFhZmRhZGQ1ZmE5NTk5NGFhY2ZmMTc1NDNhYzMiLCJjYXJ0X2lkIjoxOH0="}, "model": "sessions.session", "pk": "2x5jre7yy5cqol08zthxx31davozpfm8"}, {"fields": {"expire_date": "2018-11-29T00:39:49.097Z", "session_data": "YzY2ODJkMGIxNWQyMGY4ODYxYzBiZDJlYmQyMGU3YmE5OGM3ZDM2Nzp7InRvdGFsX3ByaWNlIjoxNTAwMCwiX2F1dGhfdXNlcl9pZCI6IjEyIiwic29jaWFsX2F1dGhfbGFzdF9sb2dpbl9iYWNrZW5kIjoiYXV0aDAiLCJjYXJ0X2NvdW50IjoxLCJfYXV0aF91c2VyX2JhY2tlbmQiOiJhdXRoMGxvZ2luLmF1dGgwYmFja2VuZC5BdXRoMCIsIl9hdXRoX3VzZXJfaGFzaCI6IjFmZjJjODdmMmYwNjE1OTg0NjNlZTBjNmRjYjM3NzFiYzA2MTgzYjkiLCJhdXRoMF9zdGF0ZSI6IkM5TTlHNEpKSnd5RUlQeElEZkVaWEtrblp6RWtaYTFxIiwiY2FydF9pZCI6MTN9"}, "model": "sessions.session", "pk": "3ijhldsy48ejkjk4tesp8hztabra1cn3"}, {"fields": {"expire_date": "2018-12-13T11:50:02.406Z", "session_data": "MDk0MTUyNmU3Zjg3ZDYwNzA5ZTVmYWIyYzcxOWViZDIyOGQwMTU3MTp7ImNhcnRfY291bnQiOjB9"}, "model": "sessions.session", "pk": "3ltrpih8gcyf5h1n18lw2alkn8pnl286"}, {"fields": {"expire_date": "2018-11-04T13:45:53.232Z", "session_data": "ZGM4YjY2YzIwMzZkNGY5MjE5Yjg4MmQzOGQ3YzA0OTBlNWUwODIzYzp7InRvdGFsX3ByaWNlIjoxNTAwMCwiX2F1dGhfdXNlcl9pZCI6IjUiLCJzb2NpYWxfYXV0aF9sYXN0X2xvZ2luX2JhY2tlbmQiOiJhdXRoMCIsImNhcnRfY291bnQiOjEsIl9hdXRoX3VzZXJfYmFja2VuZCI6ImF1dGgwbG9naW4uYXV0aDBiYWNrZW5kLkF1dGgwIiwiYXV0aDBfc3RhdGUiOiJlTmJqSzJqczkyTUpGNjM0c0ZxTHhoQWgzb3lMMTQycCIsInVzZXJfY2hlY2tvdXRfaWQiOjIsIl9hdXRoX3VzZXJfaGFzaCI6IjIyMGMwMWUzZDQyOWRkZjkxZjA4ZmFjZmNlYjNkMzVhYWU0MDdmZjkiLCJjYXJ0X2lkIjo1fQ=="}, "model": "sessions.session", "pk": "3trferh5jcg2ebdaq8gq0n1ojpdihxe9"}, {"fields": {"expire_date": "2019-05-18T10:59:34.251Z", "session_data": "NDVjN2UxMzNlZWRmMjFiY2I4MjcyMDRkZGNmZTkwYWQyMTdkOGEwNDp7fQ=="}, "model": "sessions.session", "pk": "43h6v6nr3demx4nb2ld6e4pe39mqi2sk"}, {"fields": {"expire_date": "2018-12-13T08:32:53.459Z", "session_data": "MDk0MTUyNmU3Zjg3ZDYwNzA5ZTVmYWIyYzcxOWViZDIyOGQwMTU3MTp7ImNhcnRfY291bnQiOjB9"}, "model": "sessions.session", "pk": "4tc572j268olvb8kmclkyubjfbr5cicm"}, {"fields": {"expire_date": "2018-12-05T00:23:19.833Z", "session_data": "MDk0MTUyNmU3Zjg3ZDYwNzA5ZTVmYWIyYzcxOWViZDIyOGQwMTU3MTp7ImNhcnRfY291bnQiOjB9"}, "model": "sessions.session", "pk": "57hcf5s0njb0g8uuyvonzq0sja7k5w6s"}, {"fields": {"expire_date": "2019-04-28T22:12:32.496Z", "session_data": "MDk0MTUyNmU3Zjg3ZDYwNzA5ZTVmYWIyYzcxOWViZDIyOGQwMTU3MTp7ImNhcnRfY291bnQiOjB9"}, "model": "sessions.session", "pk": "5cj2ateolm2p0gh81niqsg2otioc3zvi"}, {"fields": {"expire_date": "2018-12-13T08:01:02.916Z", "session_data": "OWM2ZjVkZjA0Y2ZmZDBlZTY4N2Q0NTM5ODdlOWRjZjU0ZWU2Y2YxNjp7InRvdGFsX3ByaWNlIjowLCJfYXV0aF91c2VyX2lkIjoiMTMiLCJjYXJ0X2NvdW50IjowLCJfYXV0aF91c2VyX2JhY2tlbmQiOiJkamFuZ28uY29udHJpYi5hdXRoLmJhY2tlbmRzLk1vZGVsQmFja2VuZCIsIl9hdXRoX3VzZXJfaGFzaCI6Ijg2YTc4MTk4NGM0MGFhZmRhZGQ1ZmE5NTk5NGFhY2ZmMTc1NDNhYzMiLCJjYXJ0X2lkIjoyMH0="}, "model": "sessions.session", "pk": "5japg1jpxkxnbvlhi9j0gulopvfgbzh6"}, {"fields": {"expire_date": "2019-05-01T19:53:28.219Z", "session_data": "MDk0MTUyNmU3Zjg3ZDYwNzA5ZTVmYWIyYzcxOWViZDIyOGQwMTU3MTp7ImNhcnRfY291bnQiOjB9"}, "model": "sessions.session", "pk": "5ljmqpme70v11a8m27kwjkj8tl564u2f"}, {"fields": {"expire_date": "2018-12-06T22:11:26.769Z", "session_data": "MDk0MTUyNmU3Zjg3ZDYwNzA5ZTVmYWIyYzcxOWViZDIyOGQwMTU3MTp7ImNhcnRfY291bnQiOjB9"}, "model": "sessions.session", "pk": "784a51n1ejm96pxrbhfxjs06o7xw2hwj"}, {"fields": {"expire_date": "2018-12-13T08:29:13.296Z", "session_data": "MDk0MTUyNmU3Zjg3ZDYwNzA5ZTVmYWIyYzcxOWViZDIyOGQwMTU3MTp7ImNhcnRfY291bnQiOjB9"}, "model": "sessions.session", "pk": "7obrytljopiitmq7mw0k6a10x60zn0h9"}, {"fields": {"expire_date": "2019-03-22T14:59:49.053Z", "session_data": "MDk0MTUyNmU3Zjg3ZDYwNzA5ZTVmYWIyYzcxOWViZDIyOGQwMTU3MTp7ImNhcnRfY291bnQiOjB9"}, "model": "sessions.session", "pk": "7sgnllx4xzqgtk9hlfm4rzks84gue1yv"}, {"fields": {"expire_date": "2018-11-04T13:32:01.308Z", "session_data": "OTlkNDJjNjZkYTdiZDViNjM1NjE3OGE0MmY4YjlmNTY0ZGMzM2UzNDp7InRvdGFsX3ByaWNlIjoxNTAwMCwiY2FydF9jb3VudCI6MSwiY2FydF9pZCI6NH0="}, "model": "sessions.session", "pk": "8dr5pemgc9zvnys1yg2ve2uc85fk96a4"}, {"fields": {"expire_date": "2018-12-05T00:24:18.264Z", "session_data": "MDk0MTUyNmU3Zjg3ZDYwNzA5ZTVmYWIyYzcxOWViZDIyOGQwMTU3MTp7ImNhcnRfY291bnQiOjB9"}, "model": "sessions.session", "pk": "8fjgmo1snn3d6k33trylncbujihwc1vv"}, {"fields": {"expire_date": "2019-03-22T14:59:49.645Z", "session_data": "MDk0MTUyNmU3Zjg3ZDYwNzA5ZTVmYWIyYzcxOWViZDIyOGQwMTU3MTp7ImNhcnRfY291bnQiOjB9"}, "model": "sessions.session", "pk": "8nov7dylevsfhry2gt3t0h484bg251sw"}, {"fields": {"expire_date": "2019-04-28T22:38:05.206Z", "session_data": "MDk0MTUyNmU3Zjg3ZDYwNzA5ZTVmYWIyYzcxOWViZDIyOGQwMTU3MTp7ImNhcnRfY291bnQiOjB9"}, "model": "sessions.session", "pk": "8wvbwaal8u22tpxabwdmz2dtewrw1ea3"}, {"fields": {"expire_date": "2018-11-04T11:15:37.476Z", "session_data": "MDk0MTUyNmU3Zjg3ZDYwNzA5ZTVmYWIyYzcxOWViZDIyOGQwMTU3MTp7ImNhcnRfY291bnQiOjB9"}, "model": "sessions.session", "pk": "919y3vk4ycvo4yl93bc4yajgajeezcsz"}, {"fields": {"expire_date": "2018-11-28T23:08:46.698Z", "session_data": "YWM4YTdmZjhkN2ZhMmYxZmY5ZjEwOGM0OGJlZWVmMmZmMjM5OTkyYjp7InRvdGFsX3ByaWNlIjoyMDAwMCwiY2FydF9jb3VudCI6MSwiY2FydF9pZCI6MTJ9"}, "model": "sessions.session", "pk": "a24lka30b1dea5c7fnoz610z12oyc4kf"}, {"fields": {"expire_date": "2018-12-13T11:50:01.827Z", "session_data": "MDk0MTUyNmU3Zjg3ZDYwNzA5ZTVmYWIyYzcxOWViZDIyOGQwMTU3MTp7ImNhcnRfY291bnQiOjB9"}, "model": "sessions.session", "pk": "abskmut6ypn3r4lig8nfgn3hnbpw6abr"}, {"fields": {"expire_date": "2018-12-09T09:04:07.832Z", "session_data": "MDk0MTUyNmU3Zjg3ZDYwNzA5ZTVmYWIyYzcxOWViZDIyOGQwMTU3MTp7ImNhcnRfY291bnQiOjB9"}, "model": "sessions.session", "pk": "ajblukl56phmh2oyy3dup4eozbj6em0i"}, {"fields": {"expire_date": "2019-03-22T14:59:49.052Z", "session_data": "MDk0MTUyNmU3Zjg3ZDYwNzA5ZTVmYWIyYzcxOWViZDIyOGQwMTU3MTp7ImNhcnRfY291bnQiOjB9"}, "model": "sessions.session", "pk": "bgtuaokwfw2oi2mrgldgig4qbz7cbhdx"}, {"fields": {"expire_date": "2019-03-22T14:51:58.315Z", "session_data": "MDk0MTUyNmU3Zjg3ZDYwNzA5ZTVmYWIyYzcxOWViZDIyOGQwMTU3MTp7ImNhcnRfY291bnQiOjB9"}, "model": "sessions.session", "pk": "biuykzzk8ahxtxuhovo8tvwnzri9a2x1"}, {"fields": {"expire_date": "2018-11-04T11:06:48.948Z", "session_data": "NTZlOWUyNjg1NjA5MzY3MTJkZDViNjdiNjg1YTQyNzkyNjI4YjI4MTp7ImF1dGgwX3N0YXRlIjoiRzA2dTd0bHQ2SEN2QTlDZWRtNmc4d1hLVk9mNmszcGMiLCJfYXV0aF91c2VyX2lkIjoiNSIsInNvY2lhbF9hdXRoX2xhc3RfbG9naW5fYmFja2VuZCI6ImF1dGgwIiwiY2FydF9jb3VudCI6MCwiX2F1dGhfdXNlcl9iYWNrZW5kIjoiYXV0aDBsb2dpbi5hdXRoMGJhY2tlbmQuQXV0aDAiLCJfYXV0aF91c2VyX2hhc2giOiIyMjBjMDFlM2Q0MjlkZGY5MWYwOGZhY2ZjZWIzZDM1YWFlNDA3ZmY5In0="}, "model": "sessions.session", "pk": "bjej4lnjsjp76ud714ebxerp8gbattin"}, {"fields": {"expire_date": "2019-03-20T22:30:21.235Z", "session_data": "YWY1NjhlNTNjMjI0MGNlOTA2YzhhNTRhMjNkYWJlNzM5MDdlZWMyNTp7InRvdGFsX3ByaWNlIjozNTAwMCwiX2F1dGhfdXNlcl9pZCI6IjEzIiwiY2FydF9jb3VudCI6MiwiX2F1dGhfdXNlcl9iYWNrZW5kIjoiZGphbmdvLmNvbnRyaWIuYXV0aC5iYWNrZW5kcy5Nb2RlbEJhY2tlbmQiLCJfYXV0aF91c2VyX2hhc2giOiI4NmE3ODE5ODRjNDBhYWZkYWRkNWZhOTU5OTRhYWNmZjE3NTQzYWMzIiwiY2FydF9pZCI6MzJ9"}, "model": "sessions.session", "pk": "blu7vfuuoyndaxoc2igj8n5vxfwjdf9b"}, {"fields": {"expire_date": "2018-12-21T17:57:15.714Z", "session_data": "MDk0MTUyNmU3Zjg3ZDYwNzA5ZTVmYWIyYzcxOWViZDIyOGQwMTU3MTp7ImNhcnRfY291bnQiOjB9"}, "model": "sessions.session", "pk": "bq1juot8kibnrog9mbrr7zow5tlz6db0"}, {"fields": {"expire_date": "2019-03-22T14:59:49.278Z", "session_data": "MDk0MTUyNmU3Zjg3ZDYwNzA5ZTVmYWIyYzcxOWViZDIyOGQwMTU3MTp7ImNhcnRfY291bnQiOjB9"}, "model": "sessions.session", "pk": "bwlt5oby4gasjcyh39qu5sqoj27wa30k"}, {"fields": {"expire_date": "2019-03-22T14:59:49.866Z", "session_data": "MDk0MTUyNmU3Zjg3ZDYwNzA5ZTVmYWIyYzcxOWViZDIyOGQwMTU3MTp7ImNhcnRfY291bnQiOjB9"}, "model": "sessions.session", "pk": "c734kxggzbh1nx5o39x2dg5grwp0vf1f"}, {"fields": {"expire_date": "2019-01-24T07:58:13.098Z", "session_data": "MDk0MTUyNmU3Zjg3ZDYwNzA5ZTVmYWIyYzcxOWViZDIyOGQwMTU3MTp7ImNhcnRfY291bnQiOjB9"}, "model": "sessions.session", "pk": "cac1h4xg0ptqzzwzhbulrkhlnc9riegk"}, {"fields": {"expire_date": "2019-01-24T10:47:01.974Z", "session_data": "YTk4NjljZTdkNzQzZWIwMzI2YWI1YmRmNjY0OGUyNjg5NmQzYTYwYzp7InRvdGFsX3ByaWNlIjoxNDAwMDAwLCJfYXV0aF91c2VyX2lkIjoiMTMiLCJjYXJ0X2NvdW50IjozLCJfYXV0aF91c2VyX2JhY2tlbmQiOiJkamFuZ28uY29udHJpYi5hdXRoLmJhY2tlbmRzLk1vZGVsQmFja2VuZCIsIl9hdXRoX3VzZXJfaGFzaCI6Ijg2YTc4MTk4NGM0MGFhZmRhZGQ1ZmE5NTk5NGFhY2ZmMTc1NDNhYzMiLCJjYXJ0X2lkIjozMX0="}, "model": "sessions.session", "pk": "cm8cu2c2o24o5gpfz9atotbw325bh9in"}, {"fields": {"expire_date": "2019-05-03T21:34:58.887Z", "session_data": "MDk0MTUyNmU3Zjg3ZDYwNzA5ZTVmYWIyYzcxOWViZDIyOGQwMTU3MTp7ImNhcnRfY291bnQiOjB9"}, "model": "sessions.session", "pk": "dt6ygbth7lrcfn4vm0eaxyz2zlb7qw7k"}, {"fields": {"expire_date": "2019-03-22T14:59:49.354Z", "session_data": "MDk0MTUyNmU3Zjg3ZDYwNzA5ZTVmYWIyYzcxOWViZDIyOGQwMTU3MTp7ImNhcnRfY291bnQiOjB9"}, "model": "sessions.session", "pk": "e6gqrbqczr3d0i7ilu9r5nkton8ryxlr"}, {"fields": {"expire_date": "2018-12-06T19:03:33.388Z", "session_data": "MDk0MTUyNmU3Zjg3ZDYwNzA5ZTVmYWIyYzcxOWViZDIyOGQwMTU3MTp7ImNhcnRfY291bnQiOjB9"}, "model": "sessions.session", "pk": "ecrc3ltrt6dw51wsj82zhg9dwit8dog2"}, {"fields": {"expire_date": "2018-11-04T13:33:12.285Z", "session_data": "NjEwMjM2OGE0YWQ2NWVmYTAzMWMwOTkxMTg2NjJhYjUxYjQ3YWM5Njp7ImF1dGgwX3N0YXRlIjoiMFlzcVk4OFJyN1lxa2xJajFKc29Ha2lZQmRBQmFZZDQiLCJjYXJ0X2NvdW50IjowfQ=="}, "model": "sessions.session", "pk": "eftae3jy2q6jnc5f048prz1dbv118xfm"}, {"fields": {"expire_date": "2019-01-24T06:59:28.490Z", "session_data": "ZmEzZDNiOGQ5MzU0ZTJhZjg1YmM3OTk4MTE4MzNhY2EzODA0ODhhYzp7Il9hdXRoX3VzZXJfaGFzaCI6Ijg2YTc4MTk4NGM0MGFhZmRhZGQ1ZmE5NTk5NGFhY2ZmMTc1NDNhYzMiLCJjYXJ0X2NvdW50IjowLCJfYXV0aF91c2VyX2JhY2tlbmQiOiJkamFuZ28uY29udHJpYi5hdXRoLmJhY2tlbmRzLk1vZGVsQmFja2VuZCIsIl9hdXRoX3VzZXJfaWQiOiIxMyJ9"}, "model": "sessions.session", "pk": "elwhtowvaoszji7nxzufzq9ei3ydeeof"}, {"fields": {"expire_date": "2018-12-06T22:11:26.951Z", "session_data": "MDk0MTUyNmU3Zjg3ZDYwNzA5ZTVmYWIyYzcxOWViZDIyOGQwMTU3MTp7ImNhcnRfY291bnQiOjB9"}, "model": "sessions.session", "pk": "fe6vj03ttbhhj1kmp9tkwoddozbklo0x"}, {"fields": {"expire_date": "2019-03-22T14:59:50.497Z", "session_data": "MDk0MTUyNmU3Zjg3ZDYwNzA5ZTVmYWIyYzcxOWViZDIyOGQwMTU3MTp7ImNhcnRfY291bnQiOjB9"}, "model": "sessions.session", "pk": "frh529hx2unpd0mfd7acmo2tzkadec8a"}, {"fields": {"expire_date": "2019-03-21T20:43:32.333Z", "session_data": "N2EyMjg5ZmM1MDU1MjY0NDQxNDM3NzllYTRjYjVhZDEyNGI0ZTQ0NDp7InRvdGFsX3ByaWNlIjo3MDAwMDAsImNhcnRfY291bnQiOjEsImNhcnRfaWQiOjM1fQ=="}, "model": "sessions.session", "pk": "g2baliq59tj73q1jap9x5osd0i372sxx"}, {"fields": {"expire_date": "2019-03-22T14:59:50.496Z", "session_data": "MDk0MTUyNmU3Zjg3ZDYwNzA5ZTVmYWIyYzcxOWViZDIyOGQwMTU3MTp7ImNhcnRfY291bnQiOjB9"}, "model": "sessions.session", "pk": "g3ewf89wkxrk9mub50n9a6tbkj3oklpc"}, {"fields": {"expire_date": "2019-03-20T21:28:42.667Z", "session_data": "MDk0MTUyNmU3Zjg3ZDYwNzA5ZTVmYWIyYzcxOWViZDIyOGQwMTU3MTp7ImNhcnRfY291bnQiOjB9"}, "model": "sessions.session", "pk": "gs7tiv4lmwjomvp4svo7twof4lhpsrie"}, {"fields": {"expire_date": "2018-12-09T19:01:35.282Z", "session_data": "MDk0MTUyNmU3Zjg3ZDYwNzA5ZTVmYWIyYzcxOWViZDIyOGQwMTU3MTp7ImNhcnRfY291bnQiOjB9"}, "model": "sessions.session", "pk": "hi07n2uekiu3jzgbsuivv8ft1j1ojtrn"}, {"fields": {"expire_date": "2018-12-06T17:17:23.447Z", "session_data": "MmY5ZWM0MTAxZjhiYmI2MTkzN2I3YjE3OGU4Njg5NzJiYWNjNmVmNzp7InRvdGFsX3ByaWNlIjo2MDAwMCwiX2F1dGhfdXNlcl9pZCI6IjEzIiwiY2FydF9jb3VudCI6MywiX2F1dGhfdXNlcl9iYWNrZW5kIjoiZGphbmdvLmNvbnRyaWIuYXV0aC5iYWNrZW5kcy5Nb2RlbEJhY2tlbmQiLCJfYXV0aF91c2VyX2hhc2giOiI4NmE3ODE5ODRjNDBhYWZkYWRkNWZhOTU5OTRhYWNmZjE3NTQzYWMzIiwiY2FydF9pZCI6MTd9"}, "model": "sessions.session", "pk": "hpm8akhguvrab8qbx71q9gcvr744sra2"}, {"fields": {"expire_date": "2019-04-01T19:00:14.587Z", "session_data": "MDk0MTUyNmU3Zjg3ZDYwNzA5ZTVmYWIyYzcxOWViZDIyOGQwMTU3MTp7ImNhcnRfY291bnQiOjB9"}, "model": "sessions.session", "pk": "i1h9m40nuhkwljxed4zhxzz13zzt3sbt"}, {"fields": {"expire_date": "2018-12-06T19:03:32.709Z", "session_data": "MDk0MTUyNmU3Zjg3ZDYwNzA5ZTVmYWIyYzcxOWViZDIyOGQwMTU3MTp7ImNhcnRfY291bnQiOjB9"}, "model": "sessions.session", "pk": "id9ps1fwwb3vhnogj9u75iya3h5ycy8p"}, {"fields": {"expire_date": "2019-03-22T14:59:49.646Z", "session_data": "MDk0MTUyNmU3Zjg3ZDYwNzA5ZTVmYWIyYzcxOWViZDIyOGQwMTU3MTp7ImNhcnRfY291bnQiOjB9"}, "model": "sessions.session", "pk": "iw894hsoiviweybcfyoo2exj4tokyczr"}, {"fields": {"expire_date": "2018-11-04T10:01:26.168Z", "session_data": "YjZjMjllMWJlNTUxZDhjZWUzMTk2OGEyMGJlY2JkYjg1YTI3YTE4NTp7ImF1dGgwX3N0YXRlIjoidTlvWDEyUDlXTW43UW1ObzIxcEhBSUZnaVRZS01ySkUiLCJfYXV0aF91c2VyX2lkIjoiNCIsInNvY2lhbF9hdXRoX2xhc3RfbG9naW5fYmFja2VuZCI6ImF1dGgwIiwiY2FydF9jb3VudCI6MSwiX2F1dGhfdXNlcl9iYWNrZW5kIjoiYXV0aDBsb2dpbi5hdXRoMGJhY2tlbmQuQXV0aDAiLCJfYXV0aF91c2VyX2hhc2giOiJjMjAxNzc5YTY4YjI2ZDYxNzI1NTY4YzE4ZjRkNTI0NWVkMTkwNmRlIiwiY2FydF9pZCI6Mn0="}, "model": "sessions.session", "pk": "jj20up691ecprtgjfosrn5p99z237es5"}, {"fields": {"expire_date": "2019-03-22T14:59:50.377Z", "session_data": "MDk0MTUyNmU3Zjg3ZDYwNzA5ZTVmYWIyYzcxOWViZDIyOGQwMTU3MTp7ImNhcnRfY291bnQiOjB9"}, "model": "sessions.session", "pk": "jrbc5b42q0fyl16d90d6v4zy2l63flxy"}, {"fields": {"expire_date": "2019-03-22T14:59:49.947Z", "session_data": "MDk0MTUyNmU3Zjg3ZDYwNzA5ZTVmYWIyYzcxOWViZDIyOGQwMTU3MTp7ImNhcnRfY291bnQiOjB9"}, "model": "sessions.session", "pk": "k2apswzxm398na4ydjlxthpab0keky1g"}, {"fields": {"expire_date": "2019-05-18T11:02:13.541Z", "session_data": "NDVjN2UxMzNlZWRmMjFiY2I4MjcyMDRkZGNmZTkwYWQyMTdkOGEwNDp7fQ=="}, "model": "sessions.session", "pk": "kcuoeqssjivx8nlwdds0zc65ajc9h0bp"}, {"fields": {"expire_date": "2019-05-03T21:34:58.633Z", "session_data": "MDk0MTUyNmU3Zjg3ZDYwNzA5ZTVmYWIyYzcxOWViZDIyOGQwMTU3MTp7ImNhcnRfY291bnQiOjB9"}, "model": "sessions.session", "pk": "kxa34r2giy1jzr2g0ijvle1n5dvozx8y"}, {"fields": {"expire_date": "2019-05-09T20:29:40.769Z", "session_data": "MjJlMTQ5YTU5YjlkM2YzYjg0YWM3YWI4ODkxMGIxMmMyNzc3YTI1NDp7Il9hdXRoX3VzZXJfaGFzaCI6IjM4YzhhZjRlOWQxNGRkODBiOWUxMWQ2ZTJjMzRhYTM5YTgyNjZkNjQiLCJjYXJ0X2NvdW50IjowLCJfYXV0aF91c2VyX2JhY2tlbmQiOiJkamFuZ28uY29udHJpYi5hdXRoLmJhY2tlbmRzLk1vZGVsQmFja2VuZCIsIl9hdXRoX3VzZXJfaWQiOiIxMyJ9"}, "model": "sessions.session", "pk": "l659zijdsw7v0gf8hchjur02ak89cxh0"}, {"fields": {"expire_date": "2019-03-22T14:59:50.020Z", "session_data": "MDk0MTUyNmU3Zjg3ZDYwNzA5ZTVmYWIyYzcxOWViZDIyOGQwMTU3MTp7ImNhcnRfY291bnQiOjB9"}, "model": "sessions.session", "pk": "lkytumqugepj8mxnhw2j6lgzgpmf9r58"}, {"fields": {"expire_date": "2019-03-22T14:59:49.442Z", "session_data": "MDk0MTUyNmU3Zjg3ZDYwNzA5ZTVmYWIyYzcxOWViZDIyOGQwMTU3MTp7ImNhcnRfY291bnQiOjB9"}, "model": "sessions.session", "pk": "lxpbc5b9dh69585pc4jh0yyj3tg31xe4"}, {"fields": {"expire_date": "2018-12-07T06:34:07.186Z", "session_data": "ZmEzZDNiOGQ5MzU0ZTJhZjg1YmM3OTk4MTE4MzNhY2EzODA0ODhhYzp7Il9hdXRoX3VzZXJfaGFzaCI6Ijg2YTc4MTk4NGM0MGFhZmRhZGQ1ZmE5NTk5NGFhY2ZmMTc1NDNhYzMiLCJjYXJ0X2NvdW50IjowLCJfYXV0aF91c2VyX2JhY2tlbmQiOiJkamFuZ28uY29udHJpYi5hdXRoLmJhY2tlbmRzLk1vZGVsQmFja2VuZCIsIl9hdXRoX3VzZXJfaWQiOiIxMyJ9"}, "model": "sessions.session", "pk": "lzg0mxum8ysxop4zpteylqv6jnqxawis"}, {"fields": {"expire_date": "2018-11-25T13:17:59.919Z", "session_data": "NzcyOTNiZTVmNGNmNjI4NTY2ZGE4NmE1ODEyMTVkNjY5NzdmNGYwNTp7InRvdGFsX3ByaWNlIjoxNTAwMCwiX2F1dGhfdXNlcl9pZCI6IjExIiwic29jaWFsX2F1dGhfbGFzdF9sb2dpbl9iYWNrZW5kIjoiYXV0aDAiLCJjYXJ0X2NvdW50IjoxLCJfYXV0aF91c2VyX2JhY2tlbmQiOiJhdXRoMGxvZ2luLmF1dGgwYmFja2VuZC5BdXRoMCIsIl9hdXRoX3VzZXJfaGFzaCI6IjU4OTYwMTExNDRhNzUzMWM0MjE3Y2M3ODY2ZGU3MDQ5NDlmMmQ0OTMiLCJhdXRoMF9zdGF0ZSI6Im5xTk55T09Jb2tVYk15NzNBWjJZbEJibzNURTJLV0FEIiwiY2FydF9pZCI6MTF9"}, "model": "sessions.session", "pk": "m6ho5kwwij8h4rfudwk6bvmdumzyxn5a"}, {"fields": {"expire_date": "2019-04-06T21:55:29.879Z", "session_data": "ZDI4OWE1Y2EzYTI1NjEzYzQ0NTY0ZWEwYTQ1ODQ5ZDlkNjZkYjRhNjp7Il9hdXRoX3VzZXJfaGFzaCI6ImYzZGFkNzJhZmIxZWNlMDNkZDg0OTg3ZWRhYjEwMWFiMzkxOGUwNzkiLCJjYXJ0X2NvdW50IjowLCJfYXV0aF91c2VyX2JhY2tlbmQiOiJkamFuZ28uY29udHJpYi5hdXRoLmJhY2tlbmRzLk1vZGVsQmFja2VuZCIsIl9hdXRoX3VzZXJfaWQiOiIyMCJ9"}, "model": "sessions.session", "pk": "md8uxrhibrkeooviqg9w78414isu1xnf"}, {"fields": {"expire_date": "2018-12-06T18:06:27.827Z", "session_data": "MDk0MTUyNmU3Zjg3ZDYwNzA5ZTVmYWIyYzcxOWViZDIyOGQwMTU3MTp7ImNhcnRfY291bnQiOjB9"}, "model": "sessions.session", "pk": "milb0hvpqa30nj7az9oot7k7y6fuvuzg"}, {"fields": {"expire_date": "2018-10-20T19:55:57.467Z", "session_data": "NDVjN2UxMzNlZWRmMjFiY2I4MjcyMDRkZGNmZTkwYWQyMTdkOGEwNDp7fQ=="}, "model": "sessions.session", "pk": "mp1loq3e6jc6tfhu8zwt6d3xzz2de5xb"}, {"fields": {"expire_date": "2018-10-27T17:58:00.623Z", "session_data": "MDk0MTUyNmU3Zjg3ZDYwNzA5ZTVmYWIyYzcxOWViZDIyOGQwMTU3MTp7ImNhcnRfY291bnQiOjB9"}, "model": "sessions.session", "pk": "mpv4l15t5hjvu99mh6fgmimgil5xdfqs"}, {"fields": {"expire_date": "2019-05-18T11:02:15.795Z", "session_data": "MDk0MTUyNmU3Zjg3ZDYwNzA5ZTVmYWIyYzcxOWViZDIyOGQwMTU3MTp7ImNhcnRfY291bnQiOjB9"}, "model": "sessions.session", "pk": "muokmk1z5pabdu23e05q9d87w84ce60v"}, {"fields": {"expire_date": "2018-12-13T11:50:03.005Z", "session_data": "MDk0MTUyNmU3Zjg3ZDYwNzA5ZTVmYWIyYzcxOWViZDIyOGQwMTU3MTp7ImNhcnRfY291bnQiOjB9"}, "model": "sessions.session", "pk": "n10qg7j9pans85ako21ppq89bep639hn"}, {"fields": {"expire_date": "2019-03-04T09:25:10.655Z", "session_data": "ZmEzZDNiOGQ5MzU0ZTJhZjg1YmM3OTk4MTE4MzNhY2EzODA0ODhhYzp7Il9hdXRoX3VzZXJfaGFzaCI6Ijg2YTc4MTk4NGM0MGFhZmRhZGQ1ZmE5NTk5NGFhY2ZmMTc1NDNhYzMiLCJjYXJ0X2NvdW50IjowLCJfYXV0aF91c2VyX2JhY2tlbmQiOiJkamFuZ28uY29udHJpYi5hdXRoLmJhY2tlbmRzLk1vZGVsQmFja2VuZCIsIl9hdXRoX3VzZXJfaWQiOiIxMyJ9"}, "model": "sessions.session", "pk": "n91vrcefxt6bhkphwttzp04zergyv3h3"}, {"fields": {"expire_date": "2019-01-08T07:43:13.199Z", "session_data": "MTUwYjdhNDZmM2NiMzBjY2ZkM2UwOGNmYmNjYWFlNDY0NDAzM2I2ODp7InRvdGFsX3ByaWNlIjoxNjAwMDAsIl9hdXRoX3VzZXJfaWQiOiIxMyIsImNhcnRfY291bnQiOjUsIl9hdXRoX3VzZXJfYmFja2VuZCI6ImRqYW5nby5jb250cmliLmF1dGguYmFja2VuZHMuTW9kZWxCYWNrZW5kIiwidXNlcl9jaGVja291dF9pZCI6NSwiX2F1dGhfdXNlcl9oYXNoIjoiODZhNzgxOTg0YzQwYWFmZGFkZDVmYTk1OTk0YWFjZmYxNzU0M2FjMyIsImNhcnRfaWQiOjI5fQ=="}, "model": "sessions.session", "pk": "ne86r9y0g2wj3zfv70vmyakki8lqxbw1"}, {"fields": {"expire_date": "2019-02-22T11:45:19.295Z", "session_data": "MGZhYTZmM2VhYmVjYjFmNzQyMGI0YTNhMTA2N2M2NGE1M2NiMWJkYjp7ImF1dGgwX3N0YXRlIjoiZ2YwT2t6QnRqSDJNVThFVUtPYnVSMGw3WjJ5bFBMZlkiLCJjYXJ0X2NvdW50IjowfQ=="}, "model": "sessions.session", "pk": "nfo2p1etwnmyf36dzwhr7auqn0qofhws"}, {"fields": {"expire_date": "2018-12-05T00:24:07.710Z", "session_data": "MDk0MTUyNmU3Zjg3ZDYwNzA5ZTVmYWIyYzcxOWViZDIyOGQwMTU3MTp7ImNhcnRfY291bnQiOjB9"}, "model": "sessions.session", "pk": "nltq2jppa70ca6zosdhc2vsjoxiemfx2"}, {"fields": {"expire_date": "2019-05-04T00:12:25.090Z", "session_data": "MDk0MTUyNmU3Zjg3ZDYwNzA5ZTVmYWIyYzcxOWViZDIyOGQwMTU3MTp7ImNhcnRfY291bnQiOjB9"}, "model": "sessions.session", "pk": "nvi0w5z9vrkuzok9x3cc59xtxblsbbel"}, {"fields": {"expire_date": "2019-05-18T12:33:39.815Z", "session_data": "MDk0MTUyNmU3Zjg3ZDYwNzA5ZTVmYWIyYzcxOWViZDIyOGQwMTU3MTp7ImNhcnRfY291bnQiOjB9"}, "model": "sessions.session", "pk": "nvst14m0zvmhn73vl4p9i9lktdxc5ave"}, {"fields": {"expire_date": "2019-03-22T15:02:57.546Z", "session_data": "MDk0MTUyNmU3Zjg3ZDYwNzA5ZTVmYWIyYzcxOWViZDIyOGQwMTU3MTp7ImNhcnRfY291bnQiOjB9"}, "model": "sessions.session", "pk": "nx37hmt9x0erbc02mjueqyu5g0e0kn7o"}, {"fields": {"expire_date": "2019-03-22T14:59:49.515Z", "session_data": "MDk0MTUyNmU3Zjg3ZDYwNzA5ZTVmYWIyYzcxOWViZDIyOGQwMTU3MTp7ImNhcnRfY291bnQiOjB9"}, "model": "sessions.session", "pk": "ok490yhjbor3hp5y7j1ggrl01relmhrp"}, {"fields": {"expire_date": "2018-11-11T17:38:20.529Z", "session_data": "MjE1MTQzMTU0YTU3ODRhMzQ3OTk1OTZiZTg3YmY0MDg3YzQwYzJjYTp7Il9hdXRoX3VzZXJfaGFzaCI6IjRkMGJmMzgxYjEwMjJkOGQzYzgyOTEzYWVkODZmMzE3YTVkMGIwYzkiLCJjYXJ0X2NvdW50IjowLCJfYXV0aF91c2VyX2JhY2tlbmQiOiJkamFuZ28uY29udHJpYi5hdXRoLmJhY2tlbmRzLk1vZGVsQmFja2VuZCIsIl9hdXRoX3VzZXJfaWQiOiIxMCJ9"}, "model": "sessions.session", "pk": "oqydz2zmzdb9azbomukdz4morlf3109h"}, {"fields": {"expire_date": "2019-04-28T22:17:04.637Z", "session_data": "MDk0MTUyNmU3Zjg3ZDYwNzA5ZTVmYWIyYzcxOWViZDIyOGQwMTU3MTp7ImNhcnRfY291bnQiOjB9"}, "model": "sessions.session", "pk": "oyrmk2oz4rrbtum71p4yguhtcz2w565q"}, {"fields": {"expire_date": "2019-01-24T07:20:14.169Z", "session_data": "ZmEzZDNiOGQ5MzU0ZTJhZjg1YmM3OTk4MTE4MzNhY2EzODA0ODhhYzp7Il9hdXRoX3VzZXJfaGFzaCI6Ijg2YTc4MTk4NGM0MGFhZmRhZGQ1ZmE5NTk5NGFhY2ZmMTc1NDNhYzMiLCJjYXJ0X2NvdW50IjowLCJfYXV0aF91c2VyX2JhY2tlbmQiOiJkamFuZ28uY29udHJpYi5hdXRoLmJhY2tlbmRzLk1vZGVsQmFja2VuZCIsIl9hdXRoX3VzZXJfaWQiOiIxMyJ9"}, "model": "sessions.session", "pk": "pifi1sxd576c6151ckqw7g13o89z4nve"}, {"fields": {"expire_date": "2018-12-21T15:15:58.635Z", "session_data": "MDk0MTUyNmU3Zjg3ZDYwNzA5ZTVmYWIyYzcxOWViZDIyOGQwMTU3MTp7ImNhcnRfY291bnQiOjB9"}, "model": "sessions.session", "pk": "r7x0o8y6zj9z0bravve4x0080f67nuq3"}, {"fields": {"expire_date": "2018-12-09T16:44:35.621Z", "session_data": "MDk0MTUyNmU3Zjg3ZDYwNzA5ZTVmYWIyYzcxOWViZDIyOGQwMTU3MTp7ImNhcnRfY291bnQiOjB9"}, "model": "sessions.session", "pk": "rgc45ln0938mlom1g3h9s3ci7hxjowfs"}, {"fields": {"expire_date": "2018-10-27T17:58:00.426Z", "session_data": "MDk0MTUyNmU3Zjg3ZDYwNzA5ZTVmYWIyYzcxOWViZDIyOGQwMTU3MTp7ImNhcnRfY291bnQiOjB9"}, "model": "sessions.session", "pk": "rz5krl158lsepjpj2lq6io0qnznld93s"}, {"fields": {"expire_date": "2019-02-14T22:11:57.198Z", "session_data": "MDk0MTUyNmU3Zjg3ZDYwNzA5ZTVmYWIyYzcxOWViZDIyOGQwMTU3MTp7ImNhcnRfY291bnQiOjB9"}, "model": "sessions.session", "pk": "s11t1cv1n52md5fdzm124n179eu5686h"}, {"fields": {"expire_date": "2018-11-04T10:39:19.756Z", "session_data": "MGNkODkyZTZmOGRiYTc0MGE0YjdjYmQ3YTc3MjVlMDQ0OTA1MWZlZjp7ImF1dGgwX3N0YXRlIjoiYll5cTV1Sm1PSXJ3ZWxMZlZqTjdOU1ZBenc2YWN0cU4iLCJfYXV0aF91c2VyX2lkIjoiNCIsInNvY2lhbF9hdXRoX2xhc3RfbG9naW5fYmFja2VuZCI6ImF1dGgwIiwiY2FydF9jb3VudCI6MCwiX2F1dGhfdXNlcl9iYWNrZW5kIjoiYXV0aDBsb2dpbi5hdXRoMGJhY2tlbmQuQXV0aDAiLCJfYXV0aF91c2VyX2hhc2giOiJjMjAxNzc5YTY4YjI2ZDYxNzI1NTY4YzE4ZjRkNTI0NWVkMTkwNmRlIn0="}, "model": "sessions.session", "pk": "smidjwem0pagj0nq4z1u0l0aexx6y9gc"}, {"fields": {"expire_date": "2018-10-20T20:20:48.930Z", "session_data": "MDk0MTUyNmU3Zjg3ZDYwNzA5ZTVmYWIyYzcxOWViZDIyOGQwMTU3MTp7ImNhcnRfY291bnQiOjB9"}, "model": "sessions.session", "pk": "swbnmo9t5nhtf7gy2fs82vs4r0yjlba2"}, {"fields": {"expire_date": "2018-11-04T11:21:23.455Z", "session_data": "MDg1ZWYwYTc3YTE5MDIxNGEwYTE5MzVhYmUwOWEzMjY5ZjMzYTkyYjp7ImF1dGgwX3N0YXRlIjoiVnRweXBIQ2tySHZQZDVHelNtcEF4OGNNc2k3bzRJMVgiLCJfYXV0aF91c2VyX2lkIjoiNiIsInNvY2lhbF9hdXRoX2xhc3RfbG9naW5fYmFja2VuZCI6ImF1dGgwIiwiY2FydF9jb3VudCI6MCwiX2F1dGhfdXNlcl9iYWNrZW5kIjoiYXV0aDBsb2dpbi5hdXRoMGJhY2tlbmQuQXV0aDAiLCJfYXV0aF91c2VyX2hhc2giOiJmOTY5MTA1MzgyNWQ2MGI5MzkzZDlmZWIyYmQwMTM1YjhkOWY5YmYxIn0="}, "model": "sessions.session", "pk": "t1ukfwn73h4uyykk3g67krth3d1cchwv"}, {"fields": {"expire_date": "2019-03-22T14:59:49.587Z", "session_data": "MDk0MTUyNmU3Zjg3ZDYwNzA5ZTVmYWIyYzcxOWViZDIyOGQwMTU3MTp7ImNhcnRfY291bnQiOjB9"}, "model": "sessions.session", "pk": "tb7zfomuvizazoahjim9f54ck5l9a8uu"}, {"fields": {"expire_date": "2018-11-30T19:11:16.517Z", "session_data": "NzdkYjIyYjI5MzlhNDdlZTcyOWFhNDMyZWY2NWZlOTgxNzdkMzYyYTp7ImF1dGgwX3N0YXRlIjoidDlXeWFIZ1l3RFlSa0JwR2dPR253bEdrV3I1UURNOEkiLCJjYXJ0X2NvdW50IjowfQ=="}, "model": "sessions.session", "pk": "tjbtqrj6p7ut2glh9xop1p1er23p0l6t"}, {"fields": {"expire_date": "2019-03-20T21:28:43.239Z", "session_data": "MDk0MTUyNmU3Zjg3ZDYwNzA5ZTVmYWIyYzcxOWViZDIyOGQwMTU3MTp7ImNhcnRfY291bnQiOjB9"}, "model": "sessions.session", "pk": "tmffengpv3ctivh1506tqz1dktnx5x8n"}, {"fields": {"expire_date": "2018-11-25T12:24:08.978Z", "session_data": "NTVkYzlkY2Y1MWNkNjhjZmFkNDZhZTg5NTgyMzgyNmMzMzFiY2UzMTp7InRvdGFsX3ByaWNlIjoyNTAwMCwiY2FydF9jb3VudCI6MSwiY2FydF9pZCI6OX0="}, "model": "sessions.session", "pk": "trcdx0c7k63g5npkk62prbkxh3dcypsw"}, {"fields": {"expire_date": "2019-05-18T10:59:38.951Z", "session_data": "MDk0MTUyNmU3Zjg3ZDYwNzA5ZTVmYWIyYzcxOWViZDIyOGQwMTU3MTp7ImNhcnRfY291bnQiOjB9"}, "model": "sessions.session", "pk": "ttrbx59js2i87w4pmfrcep4bkcy7ull8"}, {"fields": {"expire_date": "2019-04-30T11:13:09.904Z", "session_data": "MDk0MTUyNmU3Zjg3ZDYwNzA5ZTVmYWIyYzcxOWViZDIyOGQwMTU3MTp7ImNhcnRfY291bnQiOjB9"}, "model": "sessions.session", "pk": "u7nadupwh2phkqeazk46717yf1qhcb1i"}, {"fields": {"expire_date": "2019-03-22T14:59:49.223Z", "session_data": "MDk0MTUyNmU3Zjg3ZDYwNzA5ZTVmYWIyYzcxOWViZDIyOGQwMTU3MTp7ImNhcnRfY291bnQiOjB9"}, "model": "sessions.session", "pk": "u8b0ezmjjrjuu4etx46d30fmg9j1dlxn"}, {"fields": {"expire_date": "2018-12-21T17:57:19.270Z", "session_data": "MDk0MTUyNmU3Zjg3ZDYwNzA5ZTVmYWIyYzcxOWViZDIyOGQwMTU3MTp7ImNhcnRfY291bnQiOjB9"}, "model": "sessions.session", "pk": "umkatvgxtzsmaqsgoj63n9ql26rxo6e2"}, {"fields": {"expire_date": "2019-03-22T14:59:46.474Z", "session_data": "MDk0MTUyNmU3Zjg3ZDYwNzA5ZTVmYWIyYzcxOWViZDIyOGQwMTU3MTp7ImNhcnRfY291bnQiOjB9"}, "model": "sessions.session", "pk": "v8mfcmjfqjfnqu9iso31mogyxgx68hq6"}, {"fields": {"expire_date": "2018-12-06T22:11:26.638Z", "session_data": "MDk0MTUyNmU3Zjg3ZDYwNzA5ZTVmYWIyYzcxOWViZDIyOGQwMTU3MTp7ImNhcnRfY291bnQiOjB9"}, "model": "sessions.session", "pk": "vbpg1tuzz151dckpzrmoavb7ltda43li"}, {"fields": {"expire_date": "2019-03-20T21:28:40.827Z", "session_data": "MDk0MTUyNmU3Zjg3ZDYwNzA5ZTVmYWIyYzcxOWViZDIyOGQwMTU3MTp7ImNhcnRfY291bnQiOjB9"}, "model": "sessions.session", "pk": "vjjedgf8zvl93149a6xncb9lot1b5zdx"}, {"fields": {"expire_date": "2018-11-04T11:17:18.992Z", "session_data": "ZmU2NzgzNGJmZmFhZmUyOWI5YWU4NTEyYjIyOGVjNGU5YzQyMDllZDp7ImF1dGgwX3N0YXRlIjoiUmVCenVUSXZXb0NPREpJWlFxOFM3dTg5TUI0Nldxa0UiLCJfYXV0aF91c2VyX2lkIjoiNSIsInNvY2lhbF9hdXRoX2xhc3RfbG9naW5fYmFja2VuZCI6ImF1dGgwIiwiY2FydF9jb3VudCI6MCwiX2F1dGhfdXNlcl9iYWNrZW5kIjoiYXV0aDBsb2dpbi5hdXRoMGJhY2tlbmQuQXV0aDAiLCJfYXV0aF91c2VyX2hhc2giOiIyMjBjMDFlM2Q0MjlkZGY5MWYwOGZhY2ZjZWIzZDM1YWFlNDA3ZmY5In0="}, "model": "sessions.session", "pk": "vns46k8f2enbqistmo79ys86wuhni75h"}, {"fields": {"expire_date": "2018-11-11T17:16:11.266Z", "session_data": "MDk0MTUyNmU3Zjg3ZDYwNzA5ZTVmYWIyYzcxOWViZDIyOGQwMTU3MTp7ImNhcnRfY291bnQiOjB9"}, "model": "sessions.session", "pk": "wgxhaskbbl5q5sege3jxnp0q8w2r1kvk"}, {"fields": {"expire_date": "2018-10-20T19:59:40.905Z", "session_data": "MDk0MTUyNmU3Zjg3ZDYwNzA5ZTVmYWIyYzcxOWViZDIyOGQwMTU3MTp7ImNhcnRfY291bnQiOjB9"}, "model": "sessions.session", "pk": "yoss89yfk02impdp0hve8ivubrp7ps24"}, {"fields": {"expire_date": "2018-12-06T19:03:32.208Z", "session_data": "MDk0MTUyNmU3Zjg3ZDYwNzA5ZTVmYWIyYzcxOWViZDIyOGQwMTU3MTp7ImNhcnRfY291bnQiOjB9"}, "model": "sessions.session", "pk": "yv14762vpqhcq3odsxjvywqpdoot9lur"}, {"fields": {"expire_date": "2019-03-22T14:59:49.215Z", "session_data": "MDk0MTUyNmU3Zjg3ZDYwNzA5ZTVmYWIyYzcxOWViZDIyOGQwMTU3MTp7ImNhcnRfY291bnQiOjB9"}, "model": "sessions.session", "pk": "z5631ms2roie9chjsjgsta8fmq87o9cm"}, {"fields": {"expire_date": "2018-11-27T23:21:33.916Z", "session_data": "MDk0MTUyNmU3Zjg3ZDYwNzA5ZTVmYWIyYzcxOWViZDIyOGQwMTU3MTp7ImNhcnRfY291bnQiOjB9"}, "model": "sessions.session", "pk": "z80xcp7owpw8ucg36har8jm4elyjhqw4"}, {"fields": {"description": "Lenovo A1000 smartphone was launched in October 2015. The phone comes with a 4.00-inch touchscreen display with a resolution of 480 pixels by 800 pixels. Lenovo A1000 price in India starts from Rs. 4,040. The Lenovo A1000 is powered by 1.3GHz quad-core processor and it comes with 1GB of RAM", "title": "Lenovo", "default": 2, "price": 15000, "active": true, "section": "e", "categories": [1]}, "model": "products.product", "pk": 1}, {"fields": {"description": "A table is an arrangement of data in rows and columns, or possibly in a more complex structure. Tables are widely used in communication, research, and data analysis", "title": "Table", "default": 3, "price": 20000, "active": true, "section": "f", "categories": [3]}, "model": "products.product", "pk": 2}, {"fields": {"description": "Chairs have a back and four legs", "title": "Chairs", "default": 3, "price": 25000, "active": true, "section": "f", "categories": [3]}, "model": "products.product", "pk": 3}, {"fields": {"description": "Adobe is a building material made from earth and organic materials. Adobe is Spanish for mudbrick, but in some English-speaking regions of Spanish heritage, the term is used to refer to any kind of earth construction. Most adobe buildings are similar in appearance to cob and rammed earth buildings", "title": "Wheel Barrow", "default": 3, "price": 20000, "active": true, "section": "m", "categories": [3]}, "model": "products.product", "pk": 4}, {"fields": {"description": "The decorative arts are arts or crafts whose object is the design and manufacture of objects that are both beautiful and functional. It includes interior design, but not usually architecture. The decorative arts are often categorized in distinction to the \"fine arts\", namely painting, drawing, photography, and large-scale sculpture, which generally produce objects solely for their aesthetic quality and capacity to stimulate the intellect. \"Applied arts\" is synonymous with the \"decorative arts", "title": "art and deco", "default": 5, "price": 50000, "active": true, "section": "a", "categories": [4]}, "model": "products.product", "pk": 7}, {"fields": {"description": "For the modern home. Bring fashion and function into every room with unique furniture from CB2. Our furniture designs feature high-quality materials and a meticulous attention to detail, all at an affordable price-point. Whether you're furnishing a modest apartment or spacious house, discover essential pieces in modern designs that will help you create a space that you'll love to live in", "title": "Furniture", "default": 7, "price": 60000, "active": true, "section": "f", "categories": [6]}, "model": "products.product", "pk": 8}, {"fields": {"description": "Bed Frame:\r\n\r\nGenerally bed frames are available in a wide range of materials such as wood, metal, and leather. The ideal bed frame would be made out of solid wood. Metal beds, by contrast are not soft and often designed with bars that can trap people and pets.", "title": "Bed material", "default": 9, "price": 10000, "active": true, "section": "s", "categories": [8]}, "model": "products.product", "pk": 9}, {"fields": {"description": "A kitchen utensil is a small hand held tool used for food preparation. Common kitchen tasks include cutting food items to size, heating food on an open fire or on a stove, baking, grinding, mixing, blending, and measuring; different utensils are made for each task", "title": "kitchen tools", "default": 3, "price": 200000, "active": true, "section": "k", "categories": [10]}, "model": "products.product", "pk": 10}, {"fields": {"description": "A bookcase, or bookshelf, is a piece of furniture with horizontal shelves, often in a cabinet, used to store books or other printed materials", "title": "Bookcase", "default": 7, "price": 40000, "active": true, "section": "b", "categories": [6]}, "model": "products.product", "pk": 11}, {"fields": {"description": "a box-like storage compartment without a lid, made to slide horizontally in and out of a desk, chest, or other piece of furniture", "title": "Drawer", "default": 7, "price": 10000, "active": true, "section": "d", "categories": [7]}, "model": "products.product", "pk": 12}, {"fields": {"description": "A cabinet is a box-shaped piece of furniture with doors and/or drawers for storing miscellaneous items. Some cabinets stand alone while others are built in to a wall or are attached to it like a medicine cabinet. Cabinets are typically made of wood, coated steel, or synthetic materials", "title": "Cabinetry", "default": 7, "price": 50000, "active": true, "section": "c", "categories": [7]}, "model": "products.product", "pk": 13}, {"fields": {"description": "a sideboard with shelves above for storing and displaying plates and kitchen utensils.", "title": "Dressers", "default": 10, "price": 20000, "active": true, "section": "d", "categories": [10]}, "model": "products.product", "pk": 14}, {"fields": {"description": "A microwave oven (also commonly referred to as a microwave) is an electric oven that heats and cooks food by exposing it to electromagnetic radiation in the microwave frequency range. This induces polar molecules in the food to rotate and produce thermal energy in a process known as dielectric heating. Microwave ovens heat foods quickly and efficiently because excitation is fairly uniform in the outer 25\u201338 mm (1\u20131.5 inches) of a homogeneous, high water content food item; food is more evenly hea", "title": "Microwave oven", "default": 10, "price": 12000, "active": true, "section": "o", "categories": [10]}, "model": "products.product", "pk": 15}, {"fields": {"description": "an appliance or compartment which is artificially kept cool and used to store food and drink. Modern refrigerators generally make use of the cooling effect produced when a volatile liquid is forced to evaporate in a sealed system in which it can be condensed back to liquid outside the refrigerator.", "title": "Refrigerators", "default": 3, "price": 6000, "active": true, "section": "r", "categories": [3]}, "model": "products.product", "pk": 16}, {"fields": {"description": "A vacuum cleaner, also known as a sweeper or hoover, is a device that uses an air pump (a centrifugal fan in all but some of the very oldest models), to create a partial vacuum to suck up dust and dirt, usually from floors, and from other surfaces such as upholstery and draperies.", "title": "vacuum cleaner,", "default": 3, "price": 40000, "active": true, "section": "v", "categories": [3]}, "model": "products.product", "pk": 17}, {"fields": {"description": "Natural draft gas fireplaces do not have a sealed combustion chamber and rely on the natural buoyancy of heated air to vent combustion gases outside of your home. A B-vent gas fireplace is a type of natural draft system that uses a special pipe to carry combustion gases out of your home.", "title": "Gas Fireplace", "default": 3, "price": 40000, "active": true, "section": "g", "categories": [3]}, "model": "products.product", "pk": 18}, {"fields": {"description": "a mobile phone that performs many of the functions of a computer, typically having a touchscreen interface, Internet access, and an operating system capable of running downloaded apps.", "title": "Smart Phones", "default": 1, "price": 3000, "active": true, "section": "s", "categories": [1]}, "model": "products.product", "pk": 19}, {"fields": {"description": "A kettle, sometimes called a tea kettle or teakettle, is a type of pot, specialized for boiling water, with a lid, spout, and handle, or a small kitchen appliance of similar shape that functions in a self-contained manner. Kettles can be heated either by placing on a stove, or by their own internal electric heating element in the appliance versions.", "title": "Kettle", "default": 3, "price": 5000, "active": true, "section": "h", "categories": [3]}, "model": "products.product", "pk": 22}, {"fields": {"description": "Concrete, usually Portland cement concrete, is a composite material composed of fine and coarse aggregate bonded together with a fluid cement that hardens over time\u2014most frequently a lime-based cement binder, such as Portland cement, but sometimes with other hydraulic cements, such as a calcium aluminate cement", "title": "Iron Bars", "default": 12, "price": 90000, "active": true, "section": "m", "categories": [11]}, "model": "products.product", "pk": 23}, {"fields": {"description": "Lime is a calcium-containing inorganic mineral in which oxides, and hydroxides predominate. In the strict sense of the term, lime is calcium oxide or calcium hydroxide.", "title": "Building Bricks", "default": 11, "price": 700000, "active": true, "section": "m", "categories": [11]}, "model": "products.product", "pk": 24}, {"fields": {"description": "Plaster is a building material used for the protective or decorative coating of walls and ceilings and for moulding and casting decorative elements", "title": "Maxpads", "default": 11, "price": 78900, "active": true, "section": "m", "categories": [11]}, "model": "products.product", "pk": 25}, {"fields": {"description": "A desktop computer is a personal computer designed for regular use at a single location on or near a desk or table due to its size and power requirements.", "title": "Desktop", "default": 2, "price": 6000000, "active": true, "section": "e", "categories": [2]}, "model": "products.product", "pk": 27}, {"fields": {"description": "a computer keyboard is a typewriter-style device which uses an arrangement of buttons or keys to act as mechanical levers or electronic switches.", "title": "Keyboard", "default": 2, "price": 30000, "active": true, "section": "e", "categories": [2]}, "model": "products.product", "pk": 28}, {"fields": {"description": "Nokia Corporation (commonly referred to as Nokia  is a Finnish multinational telecommunications, information technology, and consumer electronics company, founded in 1865. Nokia's headquarters are in Espoo, in the greater Helsinki metropolitan area", "title": "Smartphones", "default": null, "price": 300000, "active": true, "section": "p", "categories": [2]}, "model": "products.product", "pk": 29}, {"fields": {"description": "a mobile phone that performs many of the functions of a computer, typically having a touchscreen interface, Internet access, and an operating system capable of running downloaded apps.\r\n\r\nOrigin\r\n1980s (first referring to a telephone enhanced with computer technology): from smart and phone1.", "title": "Smartphones", "default": 14, "price": 34000000, "active": true, "section": "p", "categories": [13]}, "model": "products.product", "pk": 30}, {"fields": {"description": "Airtel Uganda launches affordable 4G smartphone. ... The Airtel 4G phone runs on Android 8.1 and will give subscribers the freedom to use any other network SIM card in addition to the mandatory Airtel SIM card. With 8GB ROM and 1GB RAM, the phone has front 2MP and back 5MP cameras, a flash light and Wi-Fi", "title": "airtel smart", "default": 14, "price": 34000, "active": true, "section": "p", "categories": [14]}, "model": "products.product", "pk": 31}, {"fields": {"description": "Samsung Galaxy is a series of mobile computing devices designed, manufactured and marketed by Samsung Electronics", "title": "sumsumg", "default": 14, "price": 600000, "active": true, "section": "p", "categories": [14]}, "model": "products.product", "pk": 32}, {"fields": {"description": "Lucrative bed all over the place", "title": "Bed", "default": 3, "price": 500000, "active": true, "section": "h", "categories": [3]}, "model": "products.product", "pk": 33}, {"fields": {"description": "Get yourself this offer today", "title": "House Decoration", "default": 3, "price": 300000, "active": true, "section": "h", "categories": [3]}, "model": "products.product", "pk": 34}, {"fields": {"description": "The best decoration at home", "title": "Home Decor", "default": 3, "price": 1000000, "active": true, "section": "h", "categories": [3]}, "model": "products.product", "pk": 35}, {"fields": {"product": 1, "title": "Default", "price": 15000, "inventory": null, "active": true, "sale_price": null}, "model": "products.variation", "pk": 1}, {"fields": {"product": 2, "title": "Default", "price": 20000, "inventory": null, "active": true, "sale_price": null}, "model": "products.variation", "pk": 2}, {"fields": {"product": 2, "title": "Home Decor", "price": 20000, "inventory": null, "active": true, "sale_price": 15000}, "model": "products.variation", "pk": 3}, {"fields": {"product": 3, "title": "Default", "price": 25000, "inventory": null, "active": true, "sale_price": null}, "model": "products.variation", "pk": 4}, {"fields": {"product": 3, "title": "Chairs", "price": 18000, "inventory": null, "active": true, "sale_price": 14000}, "model": "products.variation", "pk": 5}, {"fields": {"product": 4, "title": "Default", "price": 20000, "inventory": null, "active": true, "sale_price": null}, "model": "products.variation", "pk": 6}, {"fields": {"product": 7, "title": "Default", "price": 50000, "inventory": null, "active": true, "sale_price": null}, "model": "products.variation", "pk": 9}, {"fields": {"product": 8, "title": "Default", "price": 60000, "inventory": null, "active": true, "sale_price": null}, "model": "products.variation", "pk": 10}, {"fields": {"product": 9, "title": "Default", "price": 10000, "inventory": null, "active": true, "sale_price": null}, "model": "products.variation", "pk": 11}, {"fields": {"product": 10, "title": "Default", "price": 200000, "inventory": null, "active": true, "sale_price": null}, "model": "products.variation", "pk": 12}, {"fields": {"product": 11, "title": "Default", "price": 40000, "inventory": null, "active": true, "sale_price": null}, "model": "products.variation", "pk": 13}, {"fields": {"product": 12, "title": "Default", "price": 10000, "inventory": null, "active": true, "sale_price": null}, "model": "products.variation", "pk": 14}, {"fields": {"product": 13, "title": "Default", "price": 50000, "inventory": null, "active": true, "sale_price": null}, "model": "products.variation", "pk": 15}, {"fields": {"product": 14, "title": "Default", "price": 20000, "inventory": null, "active": true, "sale_price": null}, "model": "products.variation", "pk": 16}, {"fields": {"product": 15, "title": "Default", "price": 12000, "inventory": null, "active": true, "sale_price": null}, "model": "products.variation", "pk": 17}, {"fields": {"product": 16, "title": "Default", "price": 6000, "inventory": null, "active": true, "sale_price": null}, "model": "products.variation", "pk": 18}, {"fields": {"product": 17, "title": "Default", "price": 40000, "inventory": null, "active": true, "sale_price": null}, "model": "products.variation", "pk": 19}, {"fields": {"product": 18, "title": "Default", "price": 40000, "inventory": null, "active": true, "sale_price": null}, "model": "products.variation", "pk": 20}, {"fields": {"product": 19, "title": "Default", "price": 3000, "inventory": null, "active": true, "sale_price": null}, "model": "products.variation", "pk": 21}, {"fields": {"product": 22, "title": "Default", "price": 5000, "inventory": null, "active": true, "sale_price": null}, "model": "products.variation", "pk": 24}, {"fields": {"product": 23, "title": "Default", "price": 90000, "inventory": null, "active": true, "sale_price": null}, "model": "products.variation", "pk": 25}, {"fields": {"product": 24, "title": "Default", "price": 700000, "inventory": null, "active": true, "sale_price": null}, "model": "products.variation", "pk": 26}, {"fields": {"product": 25, "title": "Default", "price": 78900, "inventory": null, "active": true, "sale_price": null}, "model": "products.variation", "pk": 27}, {"fields": {"product": 27, "title": "Default", "price": 6000000, "inventory": null, "active": true, "sale_price": null}, "model": "products.variation", "pk": 29}, {"fields": {"product": 28, "title": "Default", "price": 30000, "inventory": null, "active": true, "sale_price": null}, "model": "products.variation", "pk": 30}, {"fields": {"product": 29, "title": "Default", "price": 300000, "inventory": null, "active": true, "sale_price": null}, "model": "products.variation", "pk": 31}, {"fields": {"product": 30, "title": "Default", "price": 34000000, "inventory": null, "active": true, "sale_price": null}, "model": "products.variation", "pk": 32}, {"fields": {"product": 31, "title": "Default", "price": 34000, "inventory": null, "active": true, "sale_price": null}, "model": "products.variation", "pk": 33}, {"fields": {"product": 32, "title": "Default", "price": 600000, "inventory": null, "active": true, "sale_price": null}, "model": "products.variation", "pk": 34}, {"fields": {"product": 33, "title": "Default", "price": 500000, "inventory": null, "active": true, "sale_price": null}, "model": "products.variation", "pk": 35}, {"fields": {"product": 33, "title": "Extra Bed", "price": 870000, "inventory": null, "active": true, "sale_price": 750000}, "model": "products.variation", "pk": 36}, {"fields": {"product": 34, "title": "Default", "price": 300000, "inventory": null, "active": true, "sale_price": null}, "model": "products.variation", "pk": 37}, {"fields": {"product": 35, "title": "Default", "price": 1000000, "inventory": null, "active": true, "sale_price": null}, "model": "products.variation", "pk": 38}, {"fields": {"product": 3, "image": "media/products/liveroom_UrxmZQz_xtjcsXu.jpeg"}, "model": "products.productimage", "pk": 1}, {"fields": {"product": 2, "image": "media/products/table_pkQzEhJ.jpeg"}, "model": "products.productimage", "pk": 2}, {"fields": {"product": 1, "image": "products/lenov_DwyPBlA.jpeg"}, "model": "products.productimage", "pk": 3}, {"fields": {"product": 7, "image": "media/products/Art1.jpeg"}, "model": "products.productimage", "pk": 6}, {"fields": {"product": 8, "image": "media/products/liveroom_UrxmZQz_NeHORn2_itixrf7.jpeg"}, "model": "products.productimage", "pk": 7}, {"fields": {"product": 10, "image": "media/products/table_Ozl3dkx.jpeg"}, "model": "products.productimage", "pk": 8}, {"fields": {"product": 11, "image": "media/products/liveroom_UrxmZQz_NeHORn2.jpeg"}, "model": "products.productimage", "pk": 9}, {"fields": {"product": 12, "image": "media/products/index_2ihJME9.jpeg"}, "model": "products.productimage", "pk": 10}, {"fields": {"product": 13, "image": "media/products/liveroom_UrxmZQz_INOQzr6.jpeg"}, "model": "products.productimage", "pk": 11}, {"fields": {"product": 14, "image": "media/products/liveroom.jpeg"}, "model": "products.productimage", "pk": 12}, {"fields": {"product": 15, "image": "media/products/liveroom_UrxmZQz_ha99JsV.jpeg"}, "model": "products.productimage", "pk": 13}, {"fields": {"product": 16, "image": "media/products/table.jpeg"}, "model": "products.productimage", "pk": 14}, {"fields": {"product": 17, "image": "media/products/liveroom_UrxmZQz_NFVjeHl.jpeg"}, "model": "products.productimage", "pk": 15}, {"fields": {"product": 18, "image": "media/products/liveroom_UrxmZQz.jpeg"}, "model": "products.productimage", "pk": 16}, {"fields": {"product": 19, "image": "media/products/OnePlus3-1_678x452_Xsiih0h.jpg"}, "model": "products.productimage", "pk": 17}, {"fields": {"product": 22, "image": "products/Electric_kettle.jpeg"}, "model": "products.productimage", "pk": 20}, {"fields": {"product": 23, "image": "products/index.jpeg"}, "model": "products.productimage", "pk": 21}, {"fields": {"product": 4, "image": "products/wheel.jpeg"}, "model": "products.productimage", "pk": 22}, {"fields": {"product": 24, "image": "products/bricks.jpeg"}, "model": "products.productimage", "pk": 23}, {"fields": {"product": 25, "image": "products/Maxpads.jpeg"}, "model": "products.productimage", "pk": 24}, {"fields": {"product": 27, "image": "products/blog_5.jpg"}, "model": "products.productimage", "pk": 26}, {"fields": {"product": 28, "image": "products/blog_1.jpg"}, "model": "products.productimage", "pk": 27}, {"fields": {"product": 29, "image": "products/best_1.png"}, "model": "products.productimage", "pk": 28}, {"fields": {"product": 30, "image": "products/fRIDGE.jpeg"}, "model": "products.productimage", "pk": 29}, {"fields": {"product": 31, "image": "products/banner_product.png"}, "model": "products.productimage", "pk": 30}, {"fields": {"product": 32, "image": "products/OnePlus3-1_678x452.jpg"}, "model": "products.productimage", "pk": 31}, {"fields": {"product": 9, "image": "media/products/bed_2hkJEeX.jpeg"}, "model": "products.productimage", "pk": 32}, {"fields": {"product": 33, "image": "products/bed_LXXCIxc.jpeg"}, "model": "products.productimage", "pk": 37}, {"fields": {"product": 34, "image": "products/Homed_LhLlzmO.jpeg"}, "model": "products.productimage", "pk": 39}, {"fields": {"product": 35, "image": "products/liveroom_UrxmZQz_NeHORn2_TSoNy96.jpeg"}, "model": "products.productimage", "pk": 40}, {"fields": {"product": 8, "image": "products/art.jpg"}, "model": "products.producttrend", "pk": 1}, {"fields": {"product": 4, "image": "products/wheel_DiJ3RLe.jpeg"}, "model": "products.producttrend", "pk": 2}, {"fields": {"product": 16, "image": "products/fRIDGE_0f77N4F.jpeg"}, "model": "products.producttrend", "pk": 3}, {"fields": {"product": 22, "image": "products/Electric_kettle_vAHCTy2.jpeg"}, "model": "products.producttrend", "pk": 4}, {"fields": {"product": 2, "image": "products/table_ksuR8w8.jpeg"}, "model": "products.producttrend", "pk": 5}, {"fields": {"active": true, "description": "Lenovo A1000 smartphone was launched in October 2015. The phone comes with a 4.00-inch touchscreen display with a resolution of 480 pixels by 800 pixels. Lenovo A1000 price in India starts from Rs. 4,", "slug": "Mobile", "title": "Mobile"}, "model": "products.category", "pk": 1}, {"fields": {"active": true, "description": "Lenovo A1000 smartphone was launched in October 2015. The phone comes with a 4.00-inch touchscreen display with a resolution of 480 pixels by 800 pixels. Lenovo A1000 price in India starts from Rs. 4,", "slug": "Electronics", "title": "Electronics"}, "model": "products.category", "pk": 2}, {"fields": {"active": true, "description": "Furnishing is adding a final decorative touch to the house making it beautiful, elegant and stylish. The furnishing products includes everything that you put into your home including furniture, the fa", "slug": "Decor", "title": "Home Decor"}, "model": "products.category", "pk": 3}, {"fields": {"active": true, "description": "The decorative arts are arts or crafts whose object is the design and manufacture of objects that are both beautiful and functional. It includes interior design, but not usually architectur", "slug": "Decorations", "title": "Art and Decorations"}, "model": "products.category", "pk": 4}, {"fields": {"active": true, "description": "The decorative arts are arts or crafts whose object is the design and manufacture of objects that are both beautiful and functional. It includes interior design, but not usually architectur", "slug": "art", "title": "Art and Decorations"}, "model": "products.category", "pk": 5}, {"fields": {"active": true, "description": "For the modern home. Bring fashion and function into every room with unique furniture from CB2", "slug": "Furniture", "title": "Furniture"}, "model": "products.category", "pk": 6}, {"fields": {"active": true, "description": "For the modern home. Bring fashion and function into every room with unique furniture from CB2", "slug": "Furniture2", "title": "Furniture"}, "model": "products.category", "pk": 7}, {"fields": {"active": true, "description": "The better material for BED is the mattress, bed sheet, pillow, bed frame are sufficient material for BED one should use. I think one should use the good quality of Mattress Fabric for sleeping and fo", "slug": "bed", "title": "bed materials"}, "model": "products.category", "pk": 8}, {"fields": {"active": true, "description": "he better material for BED is the mattress, bed sheet, pillow, bed frame are sufficient material for BED one should use. I think one should use the good quality of Mattress Fabric for sleeping and for", "slug": "bed2", "title": "bed materials"}, "model": "products.category", "pk": 9}, {"fields": {"active": true, "description": "A kitchen utensil is a small hand held tool used for food preparation. Common kitchen tasks include cutting food items to size, heating food on an open fire or on a stove, baking, grinding, mixing, bl", "slug": "kitchen", "title": "kitchen tools"}, "model": "products.category", "pk": 10}, {"fields": {"active": true, "description": "Construction Materials", "slug": "Construction", "title": "Construction Materials"}, "model": "products.category", "pk": 11}, {"fields": {"active": true, "description": "Plaster & gypsum board. Cement render. Ceramic tile, quarry tile, pavers, mosaic. Dropped ceiling, coffered ceiling. Flooring \u2013 wide plank, terrazzo, carpet. Marble. Wall covering, wallpaper, acoustic", "slug": "Constructio2", "title": "Construction Materials"}, "model": "products.category", "pk": 12}, {"fields": {"active": true, "description": "a mobile phone that performs many of the functions of a computer, typically having a touchscreen interface, Internet access, and an operating system capable of running downloaded apps.  Origin 198", "slug": "smart", "title": "Smart Phones"}, "model": "products.category", "pk": 13}, {"fields": {"active": true, "description": "a mobile phone that performs many of the functions of a computer, typically having a touchscreen interface, Internet access, and an operating system capable of running downloaded apps.  Origin 198", "slug": "smart2", "title": "Smart Phones"}, "model": "products.category", "pk": 14}, {"fields": {"product": 3, "description": "", "title": "Chair  x6", "description_right": false, "image": "products/featured/liveroom_UrxmZQz.jpeg", "show_price": true, "active": true}, "model": "products.productfeatured", "pk": 1}, {"fields": {"item": 1, "cart": 1, "quantity": 2}, "model": "carts.cartitem", "pk": 1}, {"fields": {"item": 5, "cart": 2, "quantity": 1}, "model": "carts.cartitem", "pk": 2}, {"fields": {"item": 1, "cart": 3, "quantity": 1}, "model": "carts.cartitem", "pk": 3}, {"fields": {"item": 1, "cart": 4, "quantity": 1}, "model": "carts.cartitem", "pk": 4}, {"fields": {"item": 1, "cart": 5, "quantity": 1}, "model": "carts.cartitem", "pk": 5}, {"fields": {"item": 4, "cart": 6, "quantity": 1}, "model": "carts.cartitem", "pk": 6}, {"fields": {"item": 1, "cart": 6, "quantity": 1}, "model": "carts.cartitem", "pk": 7}, {"fields": {"item": 4, "cart": 7, "quantity": 1}, "model": "carts.cartitem", "pk": 8}, {"fields": {"item": 1, "cart": 7, "quantity": 1}, "model": "carts.cartitem", "pk": 9}, {"fields": {"item": 1, "cart": 8, "quantity": 2}, "model": "carts.cartitem", "pk": 11}, {"fields": {"item": 4, "cart": 9, "quantity": 1}, "model": "carts.cartitem", "pk": 12}, {"fields": {"item": 2, "cart": 10, "quantity": 1}, "model": "carts.cartitem", "pk": 13}, {"fields": {"item": 1, "cart": 11, "quantity": 1}, "model": "carts.cartitem", "pk": 15}, {"fields": {"item": 2, "cart": 12, "quantity": 1}, "model": "carts.cartitem", "pk": 17}, {"fields": {"item": 1, "cart": 16, "quantity": 2}, "model": "carts.cartitem", "pk": 24}, {"fields": {"item": 2, "cart": 16, "quantity": 2}, "model": "carts.cartitem", "pk": 25}, {"fields": {"item": 2, "cart": 17, "quantity": 3}, "model": "carts.cartitem", "pk": 26}, {"fields": {"item": 26, "cart": 21, "quantity": 1}, "model": "carts.cartitem", "pk": 31}, {"fields": {"item": 30, "cart": 22, "quantity": 1}, "model": "carts.cartitem", "pk": 32}, {"fields": {"item": 24, "cart": 23, "quantity": 1}, "model": "carts.cartitem", "pk": 33}, {"fields": {"item": 26, "cart": 24, "quantity": 1}, "model": "carts.cartitem", "pk": 38}, {"fields": {"item": 30, "cart": 24, "quantity": 1}, "model": "carts.cartitem", "pk": 39}, {"fields": {"item": 27, "cart": 26, "quantity": 1}, "model": "carts.cartitem", "pk": 51}, {"fields": {"item": 27, "cart": 27, "quantity": 2}, "model": "carts.cartitem", "pk": 52}, {"fields": {"item": 4, "cart": 27, "quantity": 1}, "model": "carts.cartitem", "pk": 53}, {"fields": {"item": 26, "cart": 31, "quantity": 3}, "model": "carts.cartitem", "pk": 62}, {"fields": {"item": 4, "cart": 32, "quantity": 1}, "model": "carts.cartitem", "pk": 69}, {"fields": {"item": 11, "cart": 32, "quantity": 1}, "model": "carts.cartitem", "pk": 70}, {"fields": {"item": 27, "cart": 33, "quantity": 2}, "model": "carts.cartitem", "pk": 71}, {"fields": {"item": 27, "cart": 34, "quantity": 1}, "model": "carts.cartitem", "pk": 72}, {"fields": {"item": 34, "cart": 34, "quantity": 1}, "model": "carts.cartitem", "pk": 73}, {"fields": {"item": 26, "cart": 35, "quantity": 1}, "model": "carts.cartitem", "pk": 74}, {"fields": {"item": 30, "cart": 37, "quantity": 1}, "model": "carts.cartitem", "pk": 76}, {"fields": {"item": 26, "cart": 38, "quantity": 1}, "model": "carts.cartitem", "pk": 77}, {"fields": {"item": 24, "cart": 39, "quantity": 1}, "model": "carts.cartitem", "pk": 79}, {"fields": {"city": "Kampala", "zipcode": 256, "state": "Uganda", "user": 1, "address": "", "type": "Billing"}, "model": "orders.useraddress", "pk": 1}, {"fields": {"city": "Kampala", "zipcode": 256, "state": "Uganda", "user": 1, "address": "", "type": "Billing"}, "model": "orders.useraddress", "pk": 2}, {"fields": {"city": "Kampala", "zipcode": 256, "state": "Uganda", "user": 1, "address": "", "type": "Billing"}, "model": "orders.useraddress", "pk": 3}, {"fields": {"city": "Kampala", "zipcode": 256, "state": "Uganda", "user": 1, "address": "0", "type": "Kireka"}, "model": "orders.useraddress", "pk": 4}, {"fields": {"city": "Kampala", "zipcode": 256, "state": "Uganda", "user": 1, "address": "0", "type": "Kireka"}, "model": "orders.useraddress", "pk": 5}, {"fields": {"city": "Kampala", "zipcode": 256, "state": "Uganda", "user": 1, "address": "0", "type": "Kireka"}, "model": "orders.useraddress", "pk": 6}, {"fields": {"city": "Kampala", "zipcode": 256, "state": "Uganda", "user": 1, "address": "0", "type": "Kireka"}, "model": "orders.useraddress", "pk": 7}, {"fields": {"city": "Kampala", "zipcode": 256, "state": "Uganda", "user": 1, "address": "0", "type": "Kireka"}, "model": "orders.useraddress", "pk": 8}, {"fields": {"city": "Kampala", "zipcode": 256, "state": "Uganda", "user": 1, "address": "0", "type": "Kireka"}, "model": "orders.useraddress", "pk": 9}, {"fields": {"city": "Kampala", "zipcode": 256, "state": "Uganda", "user": 1, "address": "0", "type": "mandelasha@gmail.com"}, "model": "orders.useraddress", "pk": 10}, {"fields": {"city": "Kampala", "zipcode": 256, "state": "Uganda", "user": 1, "address": "0", "type": "mandelasha@gmail.com"}, "model": "orders.useraddress", "pk": 11}, {"fields": {"city": "Kampala", "zipcode": 256, "state": "Uganda", "user": 1, "address": "0", "type": "mandelasha@gmail.com"}, "model": "orders.useraddress", "pk": 12}, {"fields": {"city": "Kampala", "zipcode": 256, "state": "Uganda", "user": 1, "address": "0", "type": "mandelasha@gmail.com"}, "model": "orders.useraddress", "pk": 13}, {"fields": {"city": "Kampala", "zipcode": 256, "state": "Uganda", "user": 1, "address": "0", "type": "mandelasha@gmail.com"}, "model": "orders.useraddress", "pk": 14}, {"fields": {"city": "Kampala", "zipcode": 256, "state": "Uganda", "user": 1, "address": "0", "type": "mandelasha@gmail.com"}, "model": "orders.useraddress", "pk": 15}, {"fields": {"city": "Kampala", "zipcode": 256, "state": "Uganda", "user": 1, "address": "0", "type": "mandelasha@gmail.com"}, "model": "orders.useraddress", "pk": 16}, {"fields": {"city": "Kampala", "zipcode": 256, "state": "Uganda", "user": 1, "address": "0", "type": "mandelasha@gmail.com"}, "model": "orders.useraddress", "pk": 17}, {"fields": {"city": "Kampala", "zipcode": 256, "state": "Uganda", "user": 1, "address": "0", "type": "mandelasha@gmail.com"}, "model": "orders.useraddress", "pk": 18}, {"fields": {"city": "Kampala", "zipcode": 256, "state": "Uganda", "user": 1, "address": "0", "type": "mandelasha@gmail.com"}, "model": "orders.useraddress", "pk": 19}, {"fields": {"city": "Kampala", "zipcode": 256, "state": "Uganda", "user": 1, "address": "0", "type": "mandelasha@gmail.com"}, "model": "orders.useraddress", "pk": 20}, {"fields": {"city": "Kampala", "zipcode": 256, "state": "Uganda", "user": 1, "address": "0", "type": "mandelasha@gmail.com"}, "model": "orders.useraddress", "pk": 21}, {"fields": {"city": "Kampala", "zipcode": 250, "state": "ug", "user": 2, "address": "0", "type": "jume"}, "model": "orders.useraddress", "pk": 22}, {"fields": {"codename": "add_logentry", "name": "Can add log entry", "content_type": 1}, "model": "auth.permission", "pk": 1}, {"fields": {"codename": "change_logentry", "name": "Can change log entry", "content_type": 1}, "model": "auth.permission", "pk": 2}, {"fields": {"codename": "delete_logentry", "name": "Can delete log entry", "content_type": 1}, "model": "auth.permission", "pk": 3}, {"fields": {"codename": "add_permission", "name": "Can add permission", "content_type": 2}, "model": "auth.permission", "pk": 4}, {"fields": {"codename": "change_permission", "name": "Can change permission", "content_type": 2}, "model": "auth.permission", "pk": 5}, {"fields": {"codename": "delete_permission", "name": "Can delete permission", "content_type": 2}, "model": "auth.permission", "pk": 6}, {"fields": {"codename": "add_group", "name": "Can add group", "content_type": 3}, "model": "auth.permission", "pk": 7}, {"fields": {"codename": "change_group", "name": "Can change group", "content_type": 3}, "model": "auth.permission", "pk": 8}, {"fields": {"codename": "delete_group", "name": "Can delete group", "content_type": 3}, "model": "auth.permission", "pk": 9}, {"fields": {"codename": "add_user", "name": "Can add user", "content_type": 4}, "model": "auth.permission", "pk": 10}, {"fields": {"codename": "change_user", "name": "Can change user", "content_type": 4}, "model": "auth.permission", "pk": 11}, {"fields": {"codename": "delete_user", "name": "Can delete user", "content_type": 4}, "model": "auth.permission", "pk": 12}, {"fields": {"codename": "add_contenttype", "name": "Can add content type", "content_type": 5}, "model": "auth.permission", "pk": 13}, {"fields": {"codename": "change_contenttype", "name": "Can change content type", "content_type": 5}, "model": "auth.permission", "pk": 14}, {"fields": {"codename": "delete_contenttype", "name": "Can delete content type", "content_type": 5}, "model": "auth.permission", "pk": 15}, {"fields": {"codename": "add_session", "name": "Can add session", "content_type": 6}, "model": "auth.permission", "pk": 16}, {"fields": {"codename": "change_session", "name": "Can change session", "content_type": 6}, "model": "auth.permission", "pk": 17}, {"fields": {"codename": "delete_session", "name": "Can delete session", "content_type": 6}, "model": "auth.permission", "pk": 18}, {"fields": {"codename": "add_site", "name": "Can add site", "content_type": 7}, "model": "auth.permission", "pk": 19}, {"fields": {"codename": "change_site", "name": "Can change site", "content_type": 7}, "model": "auth.permission", "pk": 20}, {"fields": {"codename": "delete_site", "name": "Can delete site", "content_type": 7}, "model": "auth.permission", "pk": 21}, {"fields": {"codename": "add_registrationprofile", "name": "Can add registration profile", "content_type": 8}, "model": "auth.permission", "pk": 22}, {"fields": {"codename": "change_registrationprofile", "name": "Can change registration profile", "content_type": 8}, "model": "auth.permission", "pk": 23}, {"fields": {"codename": "delete_registrationprofile", "name": "Can delete registration profile", "content_type": 8}, "model": "auth.permission", "pk": 24}, {"fields": {"codename": "add_product", "name": "Can add product", "content_type": 9}, "model": "auth.permission", "pk": 25}, {"fields": {"codename": "change_product", "name": "Can change product", "content_type": 9}, "model": "auth.permission", "pk": 26}, {"fields": {"codename": "delete_product", "name": "Can delete product", "content_type": 9}, "model": "auth.permission", "pk": 27}, {"fields": {"codename": "add_variation", "name": "Can add variation", "content_type": 10}, "model": "auth.permission", "pk": 28}, {"fields": {"codename": "change_variation", "name": "Can change variation", "content_type": 10}, "model": "auth.permission", "pk": 29}, {"fields": {"codename": "delete_variation", "name": "Can delete variation", "content_type": 10}, "model": "auth.permission", "pk": 30}, {"fields": {"codename": "add_productimage", "name": "Can add product image", "content_type": 11}, "model": "auth.permission", "pk": 31}, {"fields": {"codename": "change_productimage", "name": "Can change product image", "content_type": 11}, "model": "auth.permission", "pk": 32}, {"fields": {"codename": "delete_productimage", "name": "Can delete product image", "content_type": 11}, "model": "auth.permission", "pk": 33}, {"fields": {"codename": "add_category", "name": "Can add category", "content_type": 12}, "model": "auth.permission", "pk": 34}, {"fields": {"codename": "change_category", "name": "Can change category", "content_type": 12}, "model": "auth.permission", "pk": 35}, {"fields": {"codename": "delete_category", "name": "Can delete category", "content_type": 12}, "model": "auth.permission", "pk": 36}, {"fields": {"codename": "add_productfeatured", "name": "Can add product featured", "content_type": 13}, "model": "auth.permission", "pk": 37}, {"fields": {"codename": "change_productfeatured", "name": "Can change product featured", "content_type": 13}, "model": "auth.permission", "pk": 38}, {"fields": {"codename": "delete_productfeatured", "name": "Can delete product featured", "content_type": 13}, "model": "auth.permission", "pk": 39}, {"fields": {"codename": "add_cartitem", "name": "Can add cart item", "content_type": 14}, "model": "auth.permission", "pk": 40}, {"fields": {"codename": "change_cartitem", "name": "Can change cart item", "content_type": 14}, "model": "auth.permission", "pk": 41}, {"fields": {"codename": "delete_cartitem", "name": "Can delete cart item", "content_type": 14}, "model": "auth.permission", "pk": 42}, {"fields": {"codename": "add_cart", "name": "Can add cart", "content_type": 15}, "model": "auth.permission", "pk": 43}, {"fields": {"codename": "change_cart", "name": "Can change cart", "content_type": 15}, "model": "auth.permission", "pk": 44}, {"fields": {"codename": "delete_cart", "name": "Can delete cart", "content_type": 15}, "model": "auth.permission", "pk": 45}, {"fields": {"codename": "add_usercheckout", "name": "Can add user checkout", "content_type": 16}, "model": "auth.permission", "pk": 46}, {"fields": {"codename": "change_usercheckout", "name": "Can change user checkout", "content_type": 16}, "model": "auth.permission", "pk": 47}, {"fields": {"codename": "delete_usercheckout", "name": "Can delete user checkout", "content_type": 16}, "model": "auth.permission", "pk": 48}, {"fields": {"codename": "add_useraddress", "name": "Can add user address", "content_type": 17}, "model": "auth.permission", "pk": 49}, {"fields": {"codename": "change_useraddress", "name": "Can change user address", "content_type": 17}, "model": "auth.permission", "pk": 50}, {"fields": {"codename": "delete_useraddress", "name": "Can delete user address", "content_type": 17}, "model": "auth.permission", "pk": 51}, {"fields": {"codename": "add_order", "name": "Can add order", "content_type": 18}, "model": "auth.permission", "pk": 52}, {"fields": {"codename": "change_order", "name": "Can change order", "content_type": 18}, "model": "auth.permission", "pk": 53}, {"fields": {"codename": "delete_order", "name": "Can delete order", "content_type": 18}, "model": "auth.permission", "pk": 54}, {"fields": {"codename": "add_productcharged", "name": "Can add product charged", "content_type": 19}, "model": "auth.permission", "pk": 55}, {"fields": {"codename": "change_productcharged", "name": "Can change product charged", "content_type": 19}, "model": "auth.permission", "pk": 56}, {"fields": {"codename": "delete_productcharged", "name": "Can delete product charged", "content_type": 19}, "model": "auth.permission", "pk": 57}, {"fields": {"codename": "add_usersocialauth", "name": "Can add user social auth", "content_type": 20}, "model": "auth.permission", "pk": 58}, {"fields": {"codename": "change_usersocialauth", "name": "Can change user social auth", "content_type": 20}, "model": "auth.permission", "pk": 59}, {"fields": {"codename": "delete_usersocialauth", "name": "Can delete user social auth", "content_type": 20}, "model": "auth.permission", "pk": 60}, {"fields": {"codename": "add_nonce", "name": "Can add nonce", "content_type": 21}, "model": "auth.permission", "pk": 61}, {"fields": {"codename": "change_nonce", "name": "Can change nonce", "content_type": 21}, "model": "auth.permission", "pk": 62}, {"fields": {"codename": "delete_nonce", "name": "Can delete nonce", "content_type": 21}, "model": "auth.permission", "pk": 63}, {"fields": {"codename": "add_association", "name": "Can add association", "content_type": 22}, "model": "auth.permission", "pk": 64}, {"fields": {"codename": "change_association", "name": "Can change association", "content_type": 22}, "model": "auth.permission", "pk": 65}, {"fields": {"codename": "delete_association", "name": "Can delete association", "content_type": 22}, "model": "auth.permission", "pk": 66}, {"fields": {"codename": "add_code", "name": "Can add code", "content_type": 23}, "model": "auth.permission", "pk": 67}, {"fields": {"codename": "change_code", "name": "Can change code", "content_type": 23}, "model": "auth.permission", "pk": 68}, {"fields": {"codename": "delete_code", "name": "Can delete code", "content_type": 23}, "model": "auth.permission", "pk": 69}, {"fields": {"codename": "add_partial", "name": "Can add partial", "content_type": 24}, "model": "auth.permission", "pk": 70}, {"fields": {"codename": "change_partial", "name": "Can change partial", "content_type": 24}, "model": "auth.permission", "pk": 71}, {"fields": {"codename": "delete_partial", "name": "Can delete partial", "content_type": 24}, "model": "auth.permission", "pk": 72}, {"fields": {"codename": "add_order", "name": "Can add order", "content_type": 25}, "model": "auth.permission", "pk": 73}, {"fields": {"codename": "change_order", "name": "Can change order", "content_type": 25}, "model": "auth.permission", "pk": 74}, {"fields": {"codename": "delete_order", "name": "Can delete order", "content_type": 25}, "model": "auth.permission", "pk": 75}, {"fields": {"codename": "add_click", "name": "Can add Ad Click", "content_type": 26}, "model": "auth.permission", "pk": 76}, {"fields": {"codename": "change_click", "name": "Can change Ad Click", "content_type": 26}, "model": "auth.permission", "pk": 77}, {"fields": {"codename": "delete_click", "name": "Can delete Ad Click", "content_type": 26}, "model": "auth.permission", "pk": 78}, {"fields": {"codename": "add_advertiser", "name": "Can add Advertiser", "content_type": 27}, "model": "auth.permission", "pk": 79}, {"fields": {"codename": "change_advertiser", "name": "Can change Advertiser", "content_type": 27}, "model": "auth.permission", "pk": 80}, {"fields": {"codename": "delete_advertiser", "name": "Can delete Advertiser", "content_type": 27}, "model": "auth.permission", "pk": 81}, {"fields": {"codename": "add_ad", "name": "Can add Ad", "content_type": 28}, "model": "auth.permission", "pk": 82}, {"fields": {"codename": "change_ad", "name": "Can change Ad", "content_type": 28}, "model": "auth.permission", "pk": 83}, {"fields": {"codename": "delete_ad", "name": "Can delete Ad", "content_type": 28}, "model": "auth.permission", "pk": 84}, {"fields": {"codename": "add_adimage", "name": "Can add ad image", "content_type": 29}, "model": "auth.permission", "pk": 85}, {"fields": {"codename": "change_adimage", "name": "Can change ad image", "content_type": 29}, "model": "auth.permission", "pk": 86}, {"fields": {"codename": "delete_adimage", "name": "Can delete ad image", "content_type": 29}, "model": "auth.permission", "pk": 87}, {"fields": {"codename": "add_impression", "name": "Can add Ad Impression", "content_type": 30}, "model": "auth.permission", "pk": 88}, {"fields": {"codename": "change_impression", "name": "Can change Ad Impression", "content_type": 30}, "model": "auth.permission", "pk": 89}, {"fields": {"codename": "delete_impression", "name": "Can delete Ad Impression", "content_type": 30}, "model": "auth.permission", "pk": 90}, {"fields": {"codename": "add_category", "name": "Can add Category", "content_type": 31}, "model": "auth.permission", "pk": 91}, {"fields": {"codename": "change_category", "name": "Can change Category", "content_type": 31}, "model": "auth.permission", "pk": 92}, {"fields": {"codename": "delete_category", "name": "Can delete Category", "content_type": 31}, "model": "auth.permission", "pk": 93}, {"fields": {"codename": "add_producttrend", "name": "Can add product trend", "content_type": 32}, "model": "auth.permission", "pk": 94}, {"fields": {"codename": "change_producttrend", "name": "Can change product trend", "content_type": 32}, "model": "auth.permission", "pk": 95}, {"fields": {"codename": "delete_producttrend", "name": "Can delete product trend", "content_type": 32}, "model": "auth.permission", "pk": 96}, {"fields": {"username": "mandela", "first_name": "Mandela", "last_name": "", "is_active": true, "is_superuser": true, "is_staff": true, "last_login": null, "groups": [], "user_permissions": [], "password": "mandela100", "email": "mandelashaban@gmail.com", "date_joined": "2018-10-06T20:09:23.611Z"}, "model": "auth.user", "pk": 1}, {"fields": {"username": "joel", "first_name": "", "last_name": "", "is_active": true, "is_superuser": true, "is_staff": true, "last_login": null, "groups": [], "user_permissions": [], "password": "joel123", "email": "", "date_joined": "2018-10-06T20:11:54.971Z"}, "model": "auth.user", "pk": 2}, {"fields": {"username": "kalid", "first_name": "", "last_name": "", "is_active": true, "is_superuser": true, "is_staff": true, "last_login": "2018-10-06T20:33:02.723Z", "groups": [], "user_permissions": [], "password": "pbkdf2_sha256$20000$11f3wdgHfDr3$r/cjQZzBn0CpjwMMtrewSbywHchRAsSxBlJcdBUFFS0=", "email": "kalidshaban593@gmail.com", "date_joined": "2018-10-06T20:29:06.712Z"}, "model": "auth.user", "pk": 3}, {"fields": {"username": "shaban.kalid", "first_name": "shaban.kalid@gmail.com", "last_name": "", "is_active": true, "is_superuser": false, "is_staff": false, "last_login": "2018-10-21T10:59:49.142Z", "groups": [], "user_permissions": [], "password": "!e9HJrCQLPWYPN0sbTKR9Q0mMh5arnigqM1NFjOqX", "email": "", "date_joined": "2018-10-21T09:45:41.360Z"}, "model": "auth.user", "pk": 4}, {"fields": {"username": "peter", "first_name": "peter@gmail.com", "last_name": "", "is_active": true, "is_superuser": true, "is_staff": true, "last_login": "2018-10-21T13:37:40.043Z", "groups": [], "user_permissions": [], "password": "peter", "email": "", "date_joined": "2018-10-21T11:06:32.193Z"}, "model": "auth.user", "pk": 5}, {"fields": {"username": "kalidshaban593", "first_name": "kalidshaban593@gmail.com", "last_name": "", "is_active": true, "is_superuser": false, "is_staff": false, "last_login": "2018-10-21T11:21:23.372Z", "groups": [], "user_permissions": [], "password": "!BgHeeTMhLtjxkXestYIEvzntQAaXSGw2WxLjYgfY", "email": "", "date_joined": "2018-10-21T11:20:55.466Z"}, "model": "auth.user", "pk": 6}, {"fields": {"username": "musa", "first_name": "", "last_name": "", "is_active": true, "is_superuser": true, "is_staff": true, "last_login": null, "groups": [], "user_permissions": [], "password": "musa", "email": "mandelashaban593@gmail.com", "date_joined": "2018-10-28T17:23:43.613Z"}, "model": "auth.user", "pk": 7}, {"fields": {"username": "daddy", "first_name": "", "last_name": "", "is_active": true, "is_superuser": true, "is_staff": true, "last_login": null, "groups": [], "user_permissions": [], "password": "daddy", "email": "mandelaspeter593@gmail.com", "date_joined": "2018-10-28T17:25:25.751Z"}, "model": "auth.user", "pk": 8}, {"fields": {"username": "inno", "first_name": "", "last_name": "", "is_active": true, "is_superuser": true, "is_staff": true, "last_login": null, "groups": [], "user_permissions": [], "password": "inno", "email": "mandelashaban593@gmail.com", "date_joined": "2018-10-28T17:32:48.944Z"}, "model": "auth.user", "pk": 9}, {"fields": {"username": "mandela100", "first_name": "", "last_name": "", "is_active": true, "is_superuser": true, "is_staff": true, "last_login": "2018-10-28T17:38:20.430Z", "groups": [], "user_permissions": [], "password": "pbkdf2_sha256$36000$goZPL7aj3EvM$ORTDLXLbHY2/bRmjMeVimeDNc7Fo4n0MfjLN2l2ElEg=", "email": "mandela@gmail.com", "date_joined": "2018-10-28T17:37:57.659Z"}, "model": "auth.user", "pk": 10}, {"fields": {"username": "mandelashaban593", "first_name": "MANDELA SHABAN", "last_name": "", "is_active": true, "is_superuser": false, "is_staff": false, "last_login": "2019-03-23T21:10:25.321Z", "groups": [], "user_permissions": [], "password": "!WMzsHgtxkoeBBIsI9smEvi3hj0mYh0t80N0YjBBx", "email": "", "date_joined": "2018-11-06T19:25:33.487Z"}, "model": "auth.user", "pk": 11}, {"fields": {"username": "naamarahannz", "first_name": "naamarahannz@gmail.com", "last_name": "", "is_active": true, "is_superuser": false, "is_staff": false, "last_login": "2018-11-15T00:39:48.858Z", "groups": [], "user_permissions": [], "password": "!cmoWy1DfnOwlMGlPXDIhlFeOcBlqZw4rUJo1cJag", "email": "", "date_joined": "2018-11-15T00:39:47.488Z"}, "model": "auth.user", "pk": 12}, {"fields": {"username": "acro", "first_name": "", "last_name": "", "is_active": true, "is_superuser": true, "is_staff": true, "last_login": "2019-05-04T12:26:38.252Z", "groups": [], "user_permissions": [], "password": "pbkdf2_sha256$20000$xrmO4bLg4NRo$HUM122RmREu7POYrjb+arT8KTPVdMj4gpXfP0co6FNM=", "email": "naamarahannz@gmail.com", "date_joined": "2018-11-22T16:35:59.623Z"}, "model": "auth.user", "pk": 13}, {"fields": {"username": "kalid100", "first_name": "", "last_name": "", "is_active": true, "is_superuser": true, "is_staff": true, "last_login": "2018-11-25T10:09:40.294Z", "groups": [], "user_permissions": [], "password": "pbkdf2_sha256$36000$NVOKKJuGE4mt$xEcgjLz/zY7p32BNW4gQiodu5wrxsATG/JlEcjzVN20=", "email": "kalid100@gmail.com", "date_joined": "2018-11-25T10:09:07.741Z"}, "model": "auth.user", "pk": 14}, {"fields": {"username": "shaban100", "first_name": "", "last_name": "", "is_active": true, "is_superuser": true, "is_staff": true, "last_login": null, "groups": [], "user_permissions": [], "password": "pbkdf2_sha256$36000$bBvSY5gSLYnA$VD5LylD2V3/jgEuQRSsY7KqmPKxQCbky1/XShA7LabY=", "email": "kalid100@gmail.com", "date_joined": "2018-11-25T16:02:11.813Z"}, "model": "auth.user", "pk": 15}, {"fields": {"username": "peter300", "first_name": "", "last_name": "", "is_active": true, "is_superuser": true, "is_staff": true, "last_login": "2018-11-25T16:24:31.258Z", "groups": [], "user_permissions": [], "password": "pbkdf2_sha256$36000$ANQL58PecTNl$h/Ck1l1gtJUEeShImbOgKr+g3oriXmoXHCexE2vtspI=", "email": "peter300@gmail.com", "date_joined": "2018-11-25T16:11:08.168Z"}, "model": "auth.user", "pk": 16}, {"fields": {"username": "naamarahannz8c1b15c340a2431c", "first_name": "Naamara Hannington", "last_name": "", "is_active": true, "is_superuser": false, "is_staff": false, "last_login": "2019-01-10T07:18:38.679Z", "groups": [], "user_permissions": [], "password": "!e5FoiqQGkUz6ErVanesAjcEDL6VJqwK8G5fi74zY", "email": "", "date_joined": "2019-01-10T07:18:37.905Z"}, "model": "auth.user", "pk": 17}, {"fields": {"username": "shaban", "first_name": "", "last_name": "", "is_active": true, "is_superuser": true, "is_staff": true, "last_login": "2019-03-07T20:26:24.907Z", "groups": [], "user_permissions": [], "password": "pbkdf2_sha256$36000$DCMt3qWnUGJx$+2n/0un3qil9slpbNevVcTXG8kDfFCyCPuic9GrOxqU=", "email": "shaban@gmail.com", "date_joined": "2019-03-07T20:24:35.140Z"}, "model": "auth.user", "pk": 18}, {"fields": {"username": "kalid200", "first_name": "", "last_name": "", "is_active": true, "is_superuser": true, "is_staff": true, "last_login": null, "groups": [], "user_permissions": [], "password": "pbkdf2_sha256$36000$MbYJexGBLQAp$sSbU6Ifx7dk/+Z8CeVsjwOA8fUzj6vhlffVEQ/wU2fU=", "email": "kalid200@gmail.com", "date_joined": "2019-03-23T21:14:57.487Z"}, "model": "auth.user", "pk": 19}, {"fields": {"username": "peter100", "first_name": "", "last_name": "", "is_active": true, "is_superuser": true, "is_staff": true, "last_login": "2019-03-23T21:55:29.761Z", "groups": [], "user_permissions": [], "password": "pbkdf2_sha256$36000$yGYVnMtjzLtR$H005o4dKpiFdn3fGUn2cDk/64pDZv8qMhrGZsiOWjYA=", "email": "peter100@gmail.com", "date_joined": "2019-03-23T21:16:37.200Z"}, "model": "auth.user", "pk": 20}, {"fields": {"username": "patrick", "first_name": "", "last_name": "", "is_active": true, "is_superuser": false, "is_staff": false, "last_login": null, "groups": [], "user_permissions": [], "password": "pbkdf2_sha256$36000$E2vEP9coMaqd$sNwFABcQ3p5tBwup0Gjqx7GCGehy/YkRUeYO0zT/qBA=", "email": "kalidshaban593@gmail.com", "date_joined": "2019-04-14T22:19:18.171Z"}, "model": "auth.user", "pk": 21}, {"fields": {"username": "kalid400", "first_name": "", "last_name": "", "is_active": false, "is_superuser": false, "is_staff": false, "last_login": null, "groups": [], "user_permissions": [], "password": "pbkdf2_sha256$20000$fvriaOqjQjT3$af7/cWHj/Gdqp/4bcvszKhc7JeN/VpPxiVOF2FQNYAg=", "email": "kalidshaban594@gmail.com", "date_joined": "2019-04-14T22:40:26.579Z"}, "model": "auth.user", "pk": 22}, {"fields": {"activation_key": "71780a461d9e15db52fa7d3f442accd737802ae1", "user": 22}, "model": "registration.registrationprofile", "pk": 1}, {"fields": {"created_at": "2018-10-06T20:50:35.439Z", "user": 3, "updated_at": "2018-10-06T22:21:16.238Z"}, "model": "carts.cart", "pk": 1}, {"fields": {"created_at": "2018-10-21T10:01:18.125Z", "user": null, "updated_at": "2018-10-21T10:01:18.125Z"}, "model": "carts.cart", "pk": 2}, {"fields": {"created_at": "2018-10-21T11:50:52.943Z", "user": null, "updated_at": "2018-10-21T11:50:52.943Z"}, "model": "carts.cart", "pk": 3}, {"fields": {"created_at": "2018-10-21T13:31:08.913Z", "user": null, "updated_at": "2018-10-21T13:31:08.913Z"}, "model": "carts.cart", "pk": 4}, {"fields": {"created_at": "2018-10-21T13:37:52.574Z", "user": 5, "updated_at": "2018-10-21T13:37:52.671Z"}, "model": "carts.cart", "pk": 5}, {"fields": {"created_at": "2018-11-06T20:35:17.648Z", "user": 11, "updated_at": "2018-11-06T20:41:25.399Z"}, "model": "carts.cart", "pk": 6}, {"fields": {"created_at": "2018-11-06T20:50:34.774Z", "user": 11, "updated_at": "2018-11-10T18:48:22.725Z"}, "model": "carts.cart", "pk": 7}, {"fields": {"created_at": "2018-11-10T18:58:04.138Z", "user": 11, "updated_at": "2018-11-11T11:01:20.787Z"}, "model": "carts.cart", "pk": 8}, {"fields": {"created_at": "2018-11-11T12:18:31.473Z", "user": null, "updated_at": "2018-11-11T12:18:31.473Z"}, "model": "carts.cart", "pk": 9}, {"fields": {"created_at": "2018-11-11T13:04:49.648Z", "user": 11, "updated_at": "2018-11-11T13:15:17.510Z"}, "model": "carts.cart", "pk": 10}, {"fields": {"created_at": "2018-11-11T13:17:44.963Z", "user": 11, "updated_at": "2018-11-11T13:17:45.016Z"}, "model": "carts.cart", "pk": 11}, {"fields": {"created_at": "2018-11-14T22:55:19.025Z", "user": null, "updated_at": "2018-11-14T22:55:19.025Z"}, "model": "carts.cart", "pk": 12}, {"fields": {"created_at": "2018-11-14T23:11:27.588Z", "user": null, "updated_at": "2018-11-14T23:11:27.588Z"}, "model": "carts.cart", "pk": 13}, {"fields": {"created_at": "2018-11-15T00:42:03.847Z", "user": 13, "updated_at": "2018-11-22T16:40:08.574Z"}, "model": "carts.cart", "pk": 14}, {"fields": {"created_at": "2018-11-16T18:08:28.202Z", "user": 11, "updated_at": "2018-11-16T18:25:54.222Z"}, "model": "carts.cart", "pk": 15}, {"fields": {"created_at": "2018-11-16T18:48:33.493Z", "user": null, "updated_at": "2018-11-16T18:48:33.493Z"}, "model": "carts.cart", "pk": 16}, {"fields": {"created_at": "2018-11-22T17:05:19.703Z", "user": 13, "updated_at": "2018-11-22T17:05:42.712Z"}, "model": "carts.cart", "pk": 17}, {"fields": {"created_at": "2018-11-22T19:04:58.992Z", "user": 13, "updated_at": "2018-11-22T19:32:14.965Z"}, "model": "carts.cart", "pk": 18}, {"fields": {"created_at": "2018-11-22T20:08:14.968Z", "user": 13, "updated_at": "2018-11-22T20:08:23.461Z"}, "model": "carts.cart", "pk": 19}, {"fields": {"created_at": "2018-11-29T08:00:46.989Z", "user": 13, "updated_at": "2018-11-29T08:01:02.558Z"}, "model": "carts.cart", "pk": 20}, {"fields": {"created_at": "2018-11-29T09:06:18.553Z", "user": 13, "updated_at": "2018-11-29T09:06:18.717Z"}, "model": "carts.cart", "pk": 21}, {"fields": {"created_at": "2018-11-29T11:31:43.591Z", "user": 13, "updated_at": "2018-11-29T11:31:43.697Z"}, "model": "carts.cart", "pk": 22}, {"fields": {"created_at": "2018-11-29T11:45:07.623Z", "user": 13, "updated_at": "2018-11-29T11:45:07.723Z"}, "model": "carts.cart", "pk": 23}, {"fields": {"created_at": "2018-11-30T10:23:49.097Z", "user": 13, "updated_at": "2018-11-30T11:31:00.221Z"}, "model": "carts.cart", "pk": 24}, {"fields": {"created_at": "2018-11-30T11:42:51.876Z", "user": 13, "updated_at": "2018-12-01T08:34:15.773Z"}, "model": "carts.cart", "pk": 25}, {"fields": {"created_at": "2018-12-07T07:52:12.722Z", "user": 13, "updated_at": "2018-12-07T09:19:29.337Z"}, "model": "carts.cart", "pk": 26}, {"fields": {"created_at": "2018-12-07T15:23:44.106Z", "user": 13, "updated_at": "2018-12-07T17:52:30.140Z"}, "model": "carts.cart", "pk": 27}, {"fields": {"created_at": "2018-12-07T17:53:27.471Z", "user": 13, "updated_at": "2018-12-17T11:46:36.899Z"}, "model": "carts.cart", "pk": 28}, {"fields": {"created_at": "2018-12-18T11:12:01.786Z", "user": 13, "updated_at": "2018-12-25T07:43:07.023Z"}, "model": "carts.cart", "pk": 29}, {"fields": {"created_at": "2019-01-10T09:00:50.469Z", "user": 13, "updated_at": "2019-01-10T10:05:08.155Z"}, "model": "carts.cart", "pk": 30}, {"fields": {"created_at": "2019-01-10T10:20:18.390Z", "user": 13, "updated_at": "2019-01-10T10:46:54.147Z"}, "model": "carts.cart", "pk": 31}, {"fields": {"created_at": "2019-03-06T21:02:09.003Z", "user": 13, "updated_at": "2019-03-06T22:24:12.174Z"}, "model": "carts.cart", "pk": 32}, {"fields": {"created_at": "2019-03-07T20:11:26.260Z", "user": 11, "updated_at": "2019-03-07T20:13:19.979Z"}, "model": "carts.cart", "pk": 33}, {"fields": {"created_at": "2019-03-07T20:16:48.340Z", "user": 18, "updated_at": "2019-03-07T20:42:34.695Z"}, "model": "carts.cart", "pk": 34}, {"fields": {"created_at": "2019-03-07T20:43:19.879Z", "user": null, "updated_at": "2019-03-07T20:43:19.879Z"}, "model": "carts.cart", "pk": 35}, {"fields": {"created_at": "2019-03-08T14:58:29.479Z", "user": null, "updated_at": "2019-03-08T14:58:29.479Z"}, "model": "carts.cart", "pk": 36}, {"fields": {"created_at": "2019-03-08T15:01:09.114Z", "user": null, "updated_at": "2019-03-08T15:01:09.114Z"}, "model": "carts.cart", "pk": 37}, {"fields": {"created_at": "2019-03-23T18:25:57.319Z", "user": null, "updated_at": "2019-03-23T18:25:57.319Z"}, "model": "carts.cart", "pk": 38}, {"fields": {"created_at": "2019-04-25T19:16:35.327Z", "user": 13, "updated_at": "2019-04-25T19:25:58.684Z"}, "model": "carts.cart", "pk": 39}, {"fields": {"user": 3, "email": "kalidshaban593@gmail.com"}, "model": "orders.usercheckout", "pk": 1}, {"fields": {"user": 5, "email": ""}, "model": "orders.usercheckout", "pk": 2}, {"fields": {"user": null, "email": null}, "model": "orders.usercheckout", "pk": 3}, {"fields": {"user": 11, "email": ""}, "model": "orders.usercheckout", "pk": 4}, {"fields": {"user": 13, "email": "naamarahannz@gmail.com"}, "model": "orders.usercheckout", "pk": 5}, {"fields": {"action_flag": 1, "action_time": "2018-10-06T20:37:24.065Z", "object_repr": "Mobile", "object_id": "1", "change_message": "", "user": 3, "content_type": 12}, "model": "admin.logentry", "pk": 1}, {"fields": {"action_flag": 1, "action_time": "2018-10-06T20:38:34.415Z", "object_repr": "Electronics", "object_id": "2", "change_message": "", "user": 3, "content_type": 12}, "model": "admin.logentry", "pk": 2}, {"fields": {"action_flag": 1, "action_time": "2018-10-06T20:38:51.678Z", "object_repr": "Lenovo", "object_id": "1", "change_message": "", "user": 3, "content_type": 9}, "model": "admin.logentry", "pk": 3}, {"fields": {"action_flag": 1, "action_time": "2018-10-06T20:42:27.231Z", "object_repr": "Home Decor", "object_id": "3", "change_message": "", "user": 3, "content_type": 12}, "model": "admin.logentry", "pk": 4}, {"fields": {"action_flag": 1, "action_time": "2018-10-06T20:43:51.008Z", "object_repr": "Table", "object_id": "2", "change_message": "", "user": 3, "content_type": 9}, "model": "admin.logentry", "pk": 5}, {"fields": {"action_flag": 1, "action_time": "2018-10-06T20:46:18.804Z", "object_repr": "Chairs", "object_id": "3", "change_message": "", "user": 3, "content_type": 9}, "model": "admin.logentry", "pk": 6}, {"fields": {"action_flag": 1, "action_time": "2018-10-06T20:46:43.915Z", "object_repr": "Chairs", "object_id": "1", "change_message": "", "user": 3, "content_type": 13}, "model": "admin.logentry", "pk": 7}, {"fields": {"action_flag": 2, "action_time": "2018-10-06T20:47:27.310Z", "object_repr": "Chairs", "object_id": "3", "change_message": "Added product image \"Chairs\".", "user": 3, "content_type": 9}, "model": "admin.logentry", "pk": 8}, {"fields": {"action_flag": 2, "action_time": "2018-10-06T20:49:32.482Z", "object_repr": "Table", "object_id": "2", "change_message": "Changed default. Added product image \"Table\".", "user": 3, "content_type": 9}, "model": "admin.logentry", "pk": 9}, {"fields": {"action_flag": 2, "action_time": "2018-10-06T20:50:18.947Z", "object_repr": "Lenovo", "object_id": "1", "change_message": "Added product image \"Lenovo\".", "user": 3, "content_type": 9}, "model": "admin.logentry", "pk": 10}, {"fields": {"action_flag": 1, "action_time": "2018-10-28T17:44:50.067Z", "object_repr": "computer connect", "object_id": "1", "change_message": "[{\"added\": {}}]", "user": 10, "content_type": 31}, "model": "admin.logentry", "pk": 11}, {"fields": {"action_flag": 1, "action_time": "2018-10-28T17:49:07.134Z", "object_repr": "botid", "object_id": "1", "change_message": "[{\"added\": {}}]", "user": 10, "content_type": 27}, "model": "admin.logentry", "pk": 12}, {"fields": {"action_flag": 1, "action_time": "2018-10-28T18:02:16.551Z", "object_repr": "Computers", "object_id": "1", "change_message": "[{\"added\": {}}, {\"added\": {\"object\": \"Large Desktops\", \"name\": \"ad image\"}}]", "user": 10, "content_type": 28}, "model": "admin.logentry", "pk": 13}, {"fields": {"action_flag": 1, "action_time": "2018-11-25T12:20:30.330Z", "object_repr": "Adobe", "object_id": "4", "change_message": "[{\"added\": {}}]", "user": 14, "content_type": 9}, "model": "admin.logentry", "pk": 14}, {"fields": {"action_flag": 1, "action_time": "2018-11-25T12:25:11.559Z", "object_repr": "bed", "object_id": "5", "change_message": "[{\"added\": {}}, {\"added\": {\"object\": \"bed\", \"name\": \"product image\"}}]", "user": 14, "content_type": 9}, "model": "admin.logentry", "pk": 15}, {"fields": {"action_flag": 1, "action_time": "2018-11-25T12:28:35.746Z", "object_repr": "Household Appliances", "object_id": "6", "change_message": "[{\"added\": {}}, {\"added\": {\"object\": \"Household Appliances\", \"name\": \"product image\"}}]", "user": 14, "content_type": 9}, "model": "admin.logentry", "pk": 16}, {"fields": {"action_flag": 1, "action_time": "2018-11-25T12:33:40.666Z", "object_repr": "Art and Decorations", "object_id": "4", "change_message": "[{\"added\": {}}]", "user": 14, "content_type": 12}, "model": "admin.logentry", "pk": 17}, {"fields": {"action_flag": 1, "action_time": "2018-11-25T12:34:33.048Z", "object_repr": "Art and Decorations", "object_id": "5", "change_message": "[{\"added\": {}}]", "user": 14, "content_type": 12}, "model": "admin.logentry", "pk": 18}, {"fields": {"action_flag": 1, "action_time": "2018-11-25T12:34:42.425Z", "object_repr": "art and deco", "object_id": "7", "change_message": "[{\"added\": {}}]", "user": 14, "content_type": 9}, "model": "admin.logentry", "pk": 19}, {"fields": {"action_flag": 2, "action_time": "2018-11-25T12:35:09.531Z", "object_repr": "art and deco", "object_id": "7", "change_message": "[{\"added\": {\"object\": \"art and deco\", \"name\": \"product image\"}}]", "user": 14, "content_type": 9}, "model": "admin.logentry", "pk": 20}, {"fields": {"action_flag": 1, "action_time": "2018-11-25T12:36:53.233Z", "object_repr": "Furniture", "object_id": "6", "change_message": "[{\"added\": {}}]", "user": 14, "content_type": 12}, "model": "admin.logentry", "pk": 21}, {"fields": {"action_flag": 1, "action_time": "2018-11-25T12:37:23.469Z", "object_repr": "Furniture", "object_id": "7", "change_message": "[{\"added\": {}}]", "user": 14, "content_type": 12}, "model": "admin.logentry", "pk": 22}, {"fields": {"action_flag": 1, "action_time": "2018-11-25T12:37:43.584Z", "object_repr": "Furniture", "object_id": "8", "change_message": "[{\"added\": {}}, {\"added\": {\"object\": \"Furniture\", \"name\": \"product image\"}}]", "user": 14, "content_type": 9}, "model": "admin.logentry", "pk": 23}, {"fields": {"action_flag": 1, "action_time": "2018-11-25T12:40:17.116Z", "object_repr": "bed materials", "object_id": "8", "change_message": "[{\"added\": {}}]", "user": 14, "content_type": 12}, "model": "admin.logentry", "pk": 24}, {"fields": {"action_flag": 1, "action_time": "2018-11-25T12:40:40.290Z", "object_repr": "bed materials", "object_id": "9", "change_message": "[{\"added\": {}}]", "user": 14, "content_type": 12}, "model": "admin.logentry", "pk": 25}, {"fields": {"action_flag": 1, "action_time": "2018-11-25T12:41:06.879Z", "object_repr": "Bed material", "object_id": "9", "change_message": "[{\"added\": {}}]", "user": 14, "content_type": 9}, "model": "admin.logentry", "pk": 26}, {"fields": {"action_flag": 1, "action_time": "2018-11-25T12:42:39.418Z", "object_repr": "kitchen tools", "object_id": "10", "change_message": "[{\"added\": {}}]", "user": 14, "content_type": 12}, "model": "admin.logentry", "pk": 27}, {"fields": {"action_flag": 1, "action_time": "2018-11-25T12:43:09.365Z", "object_repr": "kitchen tools", "object_id": "10", "change_message": "[{\"added\": {}}, {\"added\": {\"object\": \"kitchen tools\", \"name\": \"product image\"}}]", "user": 14, "content_type": 9}, "model": "admin.logentry", "pk": 28}, {"fields": {"action_flag": 1, "action_time": "2018-11-25T12:47:34.084Z", "object_repr": "Bookcase", "object_id": "11", "change_message": "[{\"added\": {}}, {\"added\": {\"object\": \"Bookcase\", \"name\": \"product image\"}}]", "user": 14, "content_type": 9}, "model": "admin.logentry", "pk": 29}, {"fields": {"action_flag": 1, "action_time": "2018-11-25T12:48:43.087Z", "object_repr": "Drawer", "object_id": "12", "change_message": "[{\"added\": {}}, {\"added\": {\"object\": \"Drawer\", \"name\": \"product image\"}}]", "user": 14, "content_type": 9}, "model": "admin.logentry", "pk": 30}, {"fields": {"action_flag": 1, "action_time": "2018-11-25T12:49:52.329Z", "object_repr": "Cabinetry", "object_id": "13", "change_message": "[{\"added\": {}}, {\"added\": {\"object\": \"Cabinetry\", \"name\": \"product image\"}}]", "user": 14, "content_type": 9}, "model": "admin.logentry", "pk": 31}, {"fields": {"action_flag": 1, "action_time": "2018-11-25T12:52:05.371Z", "object_repr": "Dressers", "object_id": "14", "change_message": "[{\"added\": {}}, {\"added\": {\"object\": \"Dressers\", \"name\": \"product image\"}}]", "user": 14, "content_type": 9}, "model": "admin.logentry", "pk": 32}, {"fields": {"action_flag": 1, "action_time": "2018-11-25T12:53:38.365Z", "object_repr": "Microwave oven", "object_id": "15", "change_message": "[{\"added\": {}}, {\"added\": {\"object\": \"Microwave oven\", \"name\": \"product image\"}}]", "user": 14, "content_type": 9}, "model": "admin.logentry", "pk": 33}, {"fields": {"action_flag": 1, "action_time": "2018-11-25T12:54:47.931Z", "object_repr": "Refrigerators", "object_id": "16", "change_message": "[{\"added\": {}}, {\"added\": {\"object\": \"Refrigerators\", \"name\": \"product image\"}}]", "user": 14, "content_type": 9}, "model": "admin.logentry", "pk": 34}, {"fields": {"action_flag": 1, "action_time": "2018-11-25T12:56:21.352Z", "object_repr": "vacuum cleaner,", "object_id": "17", "change_message": "[{\"added\": {}}, {\"added\": {\"object\": \"vacuum cleaner,\", \"name\": \"product image\"}}]", "user": 14, "content_type": 9}, "model": "admin.logentry", "pk": 35}, {"fields": {"action_flag": 1, "action_time": "2018-11-25T12:57:28.450Z", "object_repr": "Gas Fireplace", "object_id": "18", "change_message": "[{\"added\": {}}, {\"added\": {\"object\": \"Gas Fireplace\", \"name\": \"product image\"}}]", "user": 14, "content_type": 9}, "model": "admin.logentry", "pk": 36}, {"fields": {"action_flag": 1, "action_time": "2018-11-25T12:58:33.832Z", "object_repr": "Smart Phones", "object_id": "19", "change_message": "[{\"added\": {}}, {\"added\": {\"object\": \"Smart Phones\", \"name\": \"product image\"}}]", "user": 14, "content_type": 9}, "model": "admin.logentry", "pk": 37}, {"fields": {"action_flag": 1, "action_time": "2018-11-25T16:13:10.107Z", "object_repr": "Household Appliances", "object_id": "20", "change_message": "[{\"added\": {}}, {\"added\": {\"object\": \"Household Appliances\", \"name\": \"product image\"}}]", "user": 16, "content_type": 9}, "model": "admin.logentry", "pk": 38}, {"fields": {"action_flag": 1, "action_time": "2018-11-25T16:14:55.204Z", "object_repr": "home docor", "object_id": "21", "change_message": "[{\"added\": {}}]", "user": 16, "content_type": 9}, "model": "admin.logentry", "pk": 39}, {"fields": {"action_flag": 2, "action_time": "2018-11-25T16:15:29.839Z", "object_repr": "home docor", "object_id": "21", "change_message": "[{\"added\": {\"object\": \"home docor\", \"name\": \"product image\"}}]", "user": 16, "content_type": 9}, "model": "admin.logentry", "pk": 40}, {"fields": {"action_flag": 1, "action_time": "2018-11-25T16:17:27.042Z", "object_repr": "Kettle", "object_id": "22", "change_message": "[{\"added\": {}}, {\"added\": {\"object\": \"Kettle\", \"name\": \"product image\"}}]", "user": 16, "content_type": 9}, "model": "admin.logentry", "pk": 41}, {"fields": {"action_flag": 1, "action_time": "2018-11-25T16:20:05.141Z", "object_repr": "Construction Materials", "object_id": "11", "change_message": "[{\"added\": {}}]", "user": 16, "content_type": 12}, "model": "admin.logentry", "pk": 42}, {"fields": {"action_flag": 1, "action_time": "2018-11-25T16:21:20.986Z", "object_repr": "Construction Materials", "object_id": "12", "change_message": "[{\"added\": {}}]", "user": 16, "content_type": 12}, "model": "admin.logentry", "pk": 43}, {"fields": {"action_flag": 1, "action_time": "2018-11-25T16:21:48.244Z", "object_repr": "Concrete", "object_id": "23", "change_message": "[{\"added\": {}}, {\"added\": {\"object\": \"Concrete\", \"name\": \"product image\"}}]", "user": 16, "content_type": 9}, "model": "admin.logentry", "pk": 44}, {"fields": {"action_flag": 2, "action_time": "2018-11-25T16:22:26.559Z", "object_repr": "Adobe", "object_id": "4", "change_message": "[{\"added\": {\"object\": \"Adobe\", \"name\": \"product image\"}}]", "user": 16, "content_type": 9}, "model": "admin.logentry", "pk": 45}, {"fields": {"action_flag": 1, "action_time": "2018-11-25T16:25:51.616Z", "object_repr": "Lime", "object_id": "24", "change_message": "[{\"added\": {}}, {\"added\": {\"object\": \"Lime\", \"name\": \"product image\"}}]", "user": 16, "content_type": 9}, "model": "admin.logentry", "pk": 46}, {"fields": {"action_flag": 1, "action_time": "2018-11-25T16:27:20.707Z", "object_repr": "Pastic", "object_id": "25", "change_message": "[{\"added\": {}}, {\"added\": {\"object\": \"Pastic\", \"name\": \"product image\"}}]", "user": 16, "content_type": 9}, "model": "admin.logentry", "pk": 47}, {"fields": {"action_flag": 1, "action_time": "2018-11-25T16:31:07.264Z", "object_repr": "Computer", "object_id": "26", "change_message": "[{\"added\": {}}, {\"added\": {\"object\": \"Computer\", \"name\": \"product image\"}}]", "user": 16, "content_type": 9}, "model": "admin.logentry", "pk": 48}, {"fields": {"action_flag": 2, "action_time": "2018-11-25T16:31:20.570Z", "object_repr": "Computer", "object_id": "26", "change_message": "[{\"changed\": {\"fields\": [\"image\"], \"object\": \"Computer\", \"name\": \"product image\"}}]", "user": 16, "content_type": 9}, "model": "admin.logentry", "pk": 49}, {"fields": {"action_flag": 1, "action_time": "2018-11-25T16:32:40.156Z", "object_repr": "Desktop", "object_id": "27", "change_message": "[{\"added\": {}}, {\"added\": {\"object\": \"Desktop\", \"name\": \"product image\"}}]", "user": 16, "content_type": 9}, "model": "admin.logentry", "pk": 50}, {"fields": {"action_flag": 1, "action_time": "2018-11-25T16:34:41.236Z", "object_repr": "Keyboard", "object_id": "28", "change_message": "[{\"added\": {}}, {\"added\": {\"object\": \"Keyboard\", \"name\": \"product image\"}}]", "user": 16, "content_type": 9}, "model": "admin.logentry", "pk": 51}, {"fields": {"action_flag": 1, "action_time": "2018-11-25T16:37:36.277Z", "object_repr": "Smartphones", "object_id": "29", "change_message": "[{\"added\": {}}, {\"added\": {\"object\": \"Smartphones\", \"name\": \"product image\"}}]", "user": 16, "content_type": 9}, "model": "admin.logentry", "pk": 52}, {"fields": {"action_flag": 1, "action_time": "2018-11-25T16:40:35.958Z", "object_repr": "Smart Phones", "object_id": "13", "change_message": "[{\"added\": {}}]", "user": 16, "content_type": 12}, "model": "admin.logentry", "pk": 53}, {"fields": {"action_flag": 1, "action_time": "2018-11-25T16:41:04.975Z", "object_repr": "Smart Phones", "object_id": "14", "change_message": "[{\"added\": {}}]", "user": 16, "content_type": 12}, "model": "admin.logentry", "pk": 54}, {"fields": {"action_flag": 1, "action_time": "2018-11-25T16:41:13.411Z", "object_repr": "Smartphones", "object_id": "30", "change_message": "[{\"added\": {}}, {\"added\": {\"object\": \"Smartphones\", \"name\": \"product image\"}}]", "user": 16, "content_type": 9}, "model": "admin.logentry", "pk": 55}, {"fields": {"action_flag": 1, "action_time": "2018-11-25T16:42:25.609Z", "object_repr": "airtel smart", "object_id": "31", "change_message": "[{\"added\": {}}, {\"added\": {\"object\": \"airtel smart\", \"name\": \"product image\"}}]", "user": 16, "content_type": 9}, "model": "admin.logentry", "pk": 56}, {"fields": {"action_flag": 1, "action_time": "2018-11-25T16:44:08.232Z", "object_repr": "sumsumg", "object_id": "32", "change_message": "[{\"added\": {}}, {\"added\": {\"object\": \"sumsumg\", \"name\": \"product image\"}}]", "user": 16, "content_type": 9}, "model": "admin.logentry", "pk": 57}, {"fields": {"action_flag": 2, "action_time": "2018-11-29T08:00:21.823Z", "object_repr": "bed", "object_id": "5", "change_message": "[{\"changed\": {\"fields\": [\"image\"], \"object\": \"bed\", \"name\": \"product image\"}}]", "user": 13, "content_type": 9}, "model": "admin.logentry", "pk": 58}, {"fields": {"action_flag": 2, "action_time": "2018-11-29T08:02:24.414Z", "object_repr": "Household Appliances", "object_id": "20", "change_message": "[{\"changed\": {\"fields\": [\"image\"], \"object\": \"Household Appliances\", \"name\": \"product image\"}}]", "user": 13, "content_type": 9}, "model": "admin.logentry", "pk": 59}, {"fields": {"action_flag": 2, "action_time": "2018-11-29T08:03:10.954Z", "object_repr": "home decor", "object_id": "21", "change_message": "[{\"changed\": {\"fields\": [\"title\"]}}, {\"changed\": {\"fields\": [\"image\"], \"object\": \"home decor\", \"name\": \"product image\"}}]", "user": 13, "content_type": 9}, "model": "admin.logentry", "pk": 60}, {"fields": {"action_flag": 2, "action_time": "2018-11-29T08:03:35.920Z", "object_repr": "Kettle", "object_id": "22", "change_message": "[{\"changed\": {\"fields\": [\"image\"], \"object\": \"Kettle\", \"name\": \"product image\"}}]", "user": 13, "content_type": 9}, "model": "admin.logentry", "pk": 61}, {"fields": {"action_flag": 2, "action_time": "2018-11-29T08:04:44.249Z", "object_repr": "Concrete", "object_id": "23", "change_message": "[{\"changed\": {\"fields\": [\"image\"], \"object\": \"Concrete\", \"name\": \"product image\"}}]", "user": 13, "content_type": 9}, "model": "admin.logentry", "pk": 62}, {"fields": {"action_flag": 2, "action_time": "2018-11-29T08:05:32.880Z", "object_repr": "Building Bricks", "object_id": "24", "change_message": "[{\"changed\": {\"fields\": [\"title\"]}}, {\"changed\": {\"fields\": [\"image\"], \"object\": \"Building Bricks\", \"name\": \"product image\"}}]", "user": 13, "content_type": 9}, "model": "admin.logentry", "pk": 63}, {"fields": {"action_flag": 2, "action_time": "2018-11-29T08:07:45.693Z", "object_repr": "Maxpads", "object_id": "25", "change_message": "[{\"changed\": {\"fields\": [\"title\"]}}, {\"changed\": {\"fields\": [\"image\"], \"object\": \"Maxpads\", \"name\": \"product image\"}}]", "user": 13, "content_type": 9}, "model": "admin.logentry", "pk": 64}, {"fields": {"action_flag": 2, "action_time": "2018-11-29T08:09:07.109Z", "object_repr": "Wheel Barrow", "object_id": "4", "change_message": "[{\"changed\": {\"fields\": [\"title\"]}}, {\"changed\": {\"fields\": [\"image\"], \"object\": \"Wheel Barrow\", \"name\": \"product image\"}}]", "user": 13, "content_type": 9}, "model": "admin.logentry", "pk": 65}, {"fields": {"action_flag": 2, "action_time": "2018-11-29T08:54:53.829Z", "object_repr": "Iron Bars", "object_id": "23", "change_message": "[{\"changed\": {\"fields\": [\"title\"]}}, {\"changed\": {\"fields\": [\"image\"], \"object\": \"Iron Bars\", \"name\": \"product image\"}}]", "user": 13, "content_type": 9}, "model": "admin.logentry", "pk": 66}, {"fields": {"action_flag": 2, "action_time": "2018-11-29T08:56:50.786Z", "object_repr": "Keyboard", "object_id": "28", "change_message": "[{\"changed\": {\"fields\": [\"image\"], \"object\": \"Keyboard\", \"name\": \"product image\"}}]", "user": 13, "content_type": 9}, "model": "admin.logentry", "pk": 67}, {"fields": {"action_flag": 2, "action_time": "2018-11-29T08:57:24.165Z", "object_repr": "Computer", "object_id": "26", "change_message": "[{\"changed\": {\"fields\": [\"image\"], \"object\": \"Computer\", \"name\": \"product image\"}}]", "user": 13, "content_type": 9}, "model": "admin.logentry", "pk": 68}, {"fields": {"action_flag": 2, "action_time": "2018-11-29T08:58:07.313Z", "object_repr": "sumsumg", "object_id": "32", "change_message": "[{\"changed\": {\"fields\": [\"image\"], \"object\": \"sumsumg\", \"name\": \"product image\"}}]", "user": 13, "content_type": 9}, "model": "admin.logentry", "pk": 69}, {"fields": {"action_flag": 2, "action_time": "2018-12-07T17:26:40.997Z", "object_repr": "Household Appliances", "object_id": "20", "change_message": "[{\"changed\": {\"fields\": [\"image\"], \"object\": \"Household Appliances\", \"name\": \"product image\"}}]", "user": 13, "content_type": 9}, "model": "admin.logentry", "pk": 70}, {"fields": {"action_flag": 2, "action_time": "2018-12-07T17:40:02.090Z", "object_repr": "art and deco", "object_id": "7", "change_message": "[{\"changed\": {\"fields\": [\"image\"], \"object\": \"art and deco\", \"name\": \"product image\"}}]", "user": 13, "content_type": 9}, "model": "admin.logentry", "pk": 71}, {"fields": {"action_flag": 2, "action_time": "2018-12-07T17:40:37.453Z", "object_repr": "Bed material", "object_id": "9", "change_message": "[{\"added\": {\"object\": \"Bed material\", \"name\": \"product image\"}}]", "user": 13, "content_type": 9}, "model": "admin.logentry", "pk": 72}, {"fields": {"action_flag": 2, "action_time": "2018-12-07T17:41:35.492Z", "object_repr": "Drawer", "object_id": "12", "change_message": "[{\"changed\": {\"fields\": [\"image\"], \"object\": \"Drawer\", \"name\": \"product image\"}}]", "user": 13, "content_type": 9}, "model": "admin.logentry", "pk": 73}, {"fields": {"action_flag": 2, "action_time": "2018-12-07T17:47:04.664Z", "object_repr": "Desktop", "object_id": "27", "change_message": "[{\"changed\": {\"fields\": [\"image\"], \"object\": \"Desktop\", \"name\": \"product image\"}}]", "user": 13, "content_type": 9}, "model": "admin.logentry", "pk": 74}, {"fields": {"action_flag": 2, "action_time": "2018-12-07T17:47:25.810Z", "object_repr": "Household Appliances", "object_id": "6", "change_message": "[{\"changed\": {\"fields\": [\"image\"], \"object\": \"Household Appliances\", \"name\": \"product image\"}}]", "user": 13, "content_type": 9}, "model": "admin.logentry", "pk": 75}, {"fields": {"action_flag": 2, "action_time": "2018-12-07T17:48:01.379Z", "object_repr": "Smartphones", "object_id": "30", "change_message": "[{\"changed\": {\"fields\": [\"image\"], \"object\": \"Smartphones\", \"name\": \"product image\"}}]", "user": 13, "content_type": 9}, "model": "admin.logentry", "pk": 76}, {"fields": {"action_flag": 2, "action_time": "2018-12-07T17:48:48.729Z", "object_repr": "Smartphones", "object_id": "29", "change_message": "[{\"changed\": {\"fields\": [\"image\"], \"object\": \"Smartphones\", \"name\": \"product image\"}}]", "user": 13, "content_type": 9}, "model": "admin.logentry", "pk": 77}, {"fields": {"action_flag": 2, "action_time": "2018-12-07T17:49:15.915Z", "object_repr": "airtel smart", "object_id": "31", "change_message": "[{\"changed\": {\"fields\": [\"image\"], \"object\": \"airtel smart\", \"name\": \"product image\"}}]", "user": 13, "content_type": 9}, "model": "admin.logentry", "pk": 78}, {"fields": {"action_flag": 2, "action_time": "2018-12-07T17:49:53.146Z", "object_repr": "Keyboard", "object_id": "28", "change_message": "[{\"changed\": {\"fields\": [\"image\"], \"object\": \"Keyboard\", \"name\": \"product image\"}}]", "user": 13, "content_type": 9}, "model": "admin.logentry", "pk": 79}, {"fields": {"action_flag": 2, "action_time": "2018-12-07T17:50:24.823Z", "object_repr": "Desktop", "object_id": "27", "change_message": "[{\"changed\": {\"fields\": [\"image\"], \"object\": \"Desktop\", \"name\": \"product image\"}}]", "user": 13, "content_type": 9}, "model": "admin.logentry", "pk": 80}, {"fields": {"action_flag": 2, "action_time": "2018-12-07T17:50:47.617Z", "object_repr": "Computer", "object_id": "26", "change_message": "[{\"changed\": {\"fields\": [\"image\"], \"object\": \"Computer\", \"name\": \"product image\"}}]", "user": 13, "content_type": 9}, "model": "admin.logentry", "pk": 81}, {"fields": {"action_flag": 2, "action_time": "2018-12-07T17:51:24.232Z", "object_repr": "Building Bricks", "object_id": "24", "change_message": "[{\"changed\": {\"fields\": [\"image\"], \"object\": \"Building Bricks\", \"name\": \"product image\"}}]", "user": 13, "content_type": 9}, "model": "admin.logentry", "pk": 82}, {"fields": {"action_flag": 3, "action_time": "2019-03-06T22:06:53.483Z", "object_repr": "Computer", "object_id": "26", "change_message": "", "user": 13, "content_type": 9}, "model": "admin.logentry", "pk": 83}, {"fields": {"action_flag": 2, "action_time": "2019-03-07T20:28:45.830Z", "object_repr": "sumsumg", "object_id": "32", "change_message": "[{\"changed\": {\"fields\": [\"image\"], \"object\": \"sumsumg\", \"name\": \"product image\"}}]", "user": 18, "content_type": 9}, "model": "admin.logentry", "pk": 84}, {"fields": {"action_flag": 2, "action_time": "2019-03-23T21:18:20.598Z", "object_repr": "Household Appliances", "object_id": "20", "change_message": "[{\"changed\": {\"fields\": [\"image\"], \"object\": \"Household Appliances\", \"name\": \"product image\"}}]", "user": 20, "content_type": 9}, "model": "admin.logentry", "pk": 85}, {"fields": {"action_flag": 2, "action_time": "2019-03-23T21:21:35.411Z", "object_repr": "Kettle", "object_id": "22", "change_message": "[{\"changed\": {\"fields\": [\"image\"], \"object\": \"Kettle\", \"name\": \"product image\"}}]", "user": 20, "content_type": 9}, "model": "admin.logentry", "pk": 86}, {"fields": {"action_flag": 2, "action_time": "2019-03-23T21:22:22.741Z", "object_repr": "home decor", "object_id": "21", "change_message": "[{\"changed\": {\"fields\": [\"image\"], \"object\": \"home decor\", \"name\": \"product image\"}}]", "user": 20, "content_type": 9}, "model": "admin.logentry", "pk": 87}, {"fields": {"action_flag": 2, "action_time": "2019-03-23T21:25:31.309Z", "object_repr": "home decor", "object_id": "21", "change_message": "[{\"changed\": {\"fields\": [\"image\"], \"object\": \"home decor\", \"name\": \"product image\"}}]", "user": 20, "content_type": 9}, "model": "admin.logentry", "pk": 88}, {"fields": {"action_flag": 2, "action_time": "2019-03-23T21:27:40.479Z", "object_repr": "bed", "object_id": "5", "change_message": "[{\"changed\": {\"fields\": [\"image\"], \"object\": \"bed\", \"name\": \"product image\"}}]", "user": 20, "content_type": 9}, "model": "admin.logentry", "pk": 89}, {"fields": {"action_flag": 2, "action_time": "2019-03-23T21:28:25.236Z", "object_repr": "Wheel Barrow", "object_id": "4", "change_message": "[{\"changed\": {\"fields\": [\"image\"], \"object\": \"Wheel Barrow\", \"name\": \"product image\"}}]", "user": 20, "content_type": 9}, "model": "admin.logentry", "pk": 90}, {"fields": {"action_flag": 2, "action_time": "2019-03-23T21:29:22.953Z", "object_repr": "sumsumg", "object_id": "32", "change_message": "[{\"changed\": {\"fields\": [\"image\"], \"object\": \"sumsumg\", \"name\": \"product image\"}}]", "user": 20, "content_type": 9}, "model": "admin.logentry", "pk": 91}, {"fields": {"action_flag": 2, "action_time": "2019-03-23T21:29:29.582Z", "object_repr": "sumsumg", "object_id": "32", "change_message": "[]", "user": 20, "content_type": 9}, "model": "admin.logentry", "pk": 92}, {"fields": {"action_flag": 2, "action_time": "2019-03-23T21:29:50.149Z", "object_repr": "airtel smart", "object_id": "31", "change_message": "[{\"changed\": {\"fields\": [\"image\"], \"object\": \"airtel smart\", \"name\": \"product image\"}}]", "user": 20, "content_type": 9}, "model": "admin.logentry", "pk": 93}, {"fields": {"action_flag": 2, "action_time": "2019-03-23T21:30:08.873Z", "object_repr": "Smartphones", "object_id": "29", "change_message": "[{\"changed\": {\"fields\": [\"image\"], \"object\": \"Smartphones\", \"name\": \"product image\"}}]", "user": 20, "content_type": 9}, "model": "admin.logentry", "pk": 94}, {"fields": {"action_flag": 2, "action_time": "2019-03-23T21:30:29.123Z", "object_repr": "Smartphones", "object_id": "30", "change_message": "[{\"changed\": {\"fields\": [\"image\"], \"object\": \"Smartphones\", \"name\": \"product image\"}}]", "user": 20, "content_type": 9}, "model": "admin.logentry", "pk": 95}, {"fields": {"action_flag": 2, "action_time": "2019-03-23T21:30:44.795Z", "object_repr": "Keyboard", "object_id": "28", "change_message": "[{\"changed\": {\"fields\": [\"image\"], \"object\": \"Keyboard\", \"name\": \"product image\"}}]", "user": 20, "content_type": 9}, "model": "admin.logentry", "pk": 96}, {"fields": {"action_flag": 2, "action_time": "2019-03-23T21:31:07.236Z", "object_repr": "Desktop", "object_id": "27", "change_message": "[{\"changed\": {\"fields\": [\"image\"], \"object\": \"Desktop\", \"name\": \"product image\"}}]", "user": 20, "content_type": 9}, "model": "admin.logentry", "pk": 97}, {"fields": {"action_flag": 2, "action_time": "2019-03-23T21:31:34.942Z", "object_repr": "Maxpads", "object_id": "25", "change_message": "[{\"changed\": {\"fields\": [\"image\"], \"object\": \"Maxpads\", \"name\": \"product image\"}}]", "user": 20, "content_type": 9}, "model": "admin.logentry", "pk": 98}, {"fields": {"action_flag": 2, "action_time": "2019-03-23T21:32:20.070Z", "object_repr": "Iron Bars", "object_id": "23", "change_message": "[{\"changed\": {\"fields\": [\"image\"], \"object\": \"Iron Bars\", \"name\": \"product image\"}}]", "user": 20, "content_type": 9}, "model": "admin.logentry", "pk": 99}, {"fields": {"action_flag": 2, "action_time": "2019-03-23T21:33:08.869Z", "object_repr": "Bed material", "object_id": "9", "change_message": "[{\"changed\": {\"fields\": [\"image\"], \"object\": \"Bed material\", \"name\": \"product image\"}}]", "user": 20, "content_type": 9}, "model": "admin.logentry", "pk": 100}, {"fields": {"action_flag": 2, "action_time": "2019-03-23T21:35:51.130Z", "object_repr": "Household Appliances", "object_id": "20", "change_message": "[{\"changed\": {\"fields\": [\"image\"], \"object\": \"Household Appliances\", \"name\": \"product image\"}}]", "user": 20, "content_type": 9}, "model": "admin.logentry", "pk": 101}, {"fields": {"action_flag": 2, "action_time": "2019-03-23T21:36:31.340Z", "object_repr": "Household Appliances", "object_id": "6", "change_message": "[{\"changed\": {\"fields\": [\"image\"], \"object\": \"Household Appliances\", \"name\": \"product image\"}}]", "user": 20, "content_type": 9}, "model": "admin.logentry", "pk": 102}, {"fields": {"action_flag": 2, "action_time": "2019-03-23T21:55:45.034Z", "object_repr": "Building Bricks", "object_id": "24", "change_message": "[{\"changed\": {\"fields\": [\"image\"], \"object\": \"Building Bricks\", \"name\": \"product image\"}}]", "user": 20, "content_type": 9}, "model": "admin.logentry", "pk": 103}, {"fields": {"action_flag": 2, "action_time": "2019-03-23T21:56:07.938Z", "object_repr": "Kettle", "object_id": "22", "change_message": "[{\"changed\": {\"fields\": [\"image\"], \"object\": \"Kettle\", \"name\": \"product image\"}}]", "user": 20, "content_type": 9}, "model": "admin.logentry", "pk": 104}, {"fields": {"action_flag": 2, "action_time": "2019-03-23T21:56:28.932Z", "object_repr": "Iron Bars", "object_id": "23", "change_message": "[]", "user": 20, "content_type": 9}, "model": "admin.logentry", "pk": 105}, {"fields": {"action_flag": 2, "action_time": "2019-03-23T21:56:39.382Z", "object_repr": "home decor", "object_id": "21", "change_message": "[]", "user": 20, "content_type": 9}, "model": "admin.logentry", "pk": 106}, {"fields": {"action_flag": 2, "action_time": "2019-03-23T21:56:47.837Z", "object_repr": "Household Appliances", "object_id": "20", "change_message": "[]", "user": 20, "content_type": 9}, "model": "admin.logentry", "pk": 107}, {"fields": {"action_flag": 2, "action_time": "2019-03-23T21:57:17.600Z", "object_repr": "Smart Phones", "object_id": "19", "change_message": "[{\"changed\": {\"fields\": [\"image\"], \"object\": \"Smart Phones\", \"name\": \"product image\"}}]", "user": 20, "content_type": 9}, "model": "admin.logentry", "pk": 108}, {"fields": {"action_flag": 2, "action_time": "2019-03-23T21:57:44.286Z", "object_repr": "Gas Fireplace", "object_id": "18", "change_message": "[{\"changed\": {\"fields\": [\"image\"], \"object\": \"Gas Fireplace\", \"name\": \"product image\"}}]", "user": 20, "content_type": 9}, "model": "admin.logentry", "pk": 109}, {"fields": {"action_flag": 2, "action_time": "2019-03-23T21:57:55.837Z", "object_repr": "Gas Fireplace", "object_id": "18", "change_message": "[]", "user": 20, "content_type": 9}, "model": "admin.logentry", "pk": 110}, {"fields": {"action_flag": 2, "action_time": "2019-03-23T21:58:28.572Z", "object_repr": "vacuum cleaner,", "object_id": "17", "change_message": "[{\"changed\": {\"fields\": [\"image\"], \"object\": \"vacuum cleaner,\", \"name\": \"product image\"}}]", "user": 20, "content_type": 9}, "model": "admin.logentry", "pk": 111}, {"fields": {"action_flag": 2, "action_time": "2019-03-23T21:58:53.402Z", "object_repr": "Refrigerators", "object_id": "16", "change_message": "[{\"changed\": {\"fields\": [\"image\"], \"object\": \"Refrigerators\", \"name\": \"product image\"}}]", "user": 20, "content_type": 9}, "model": "admin.logentry", "pk": 112}, {"fields": {"action_flag": 2, "action_time": "2019-03-23T21:59:05.189Z", "object_repr": "Refrigerators", "object_id": "16", "change_message": "[]", "user": 20, "content_type": 9}, "model": "admin.logentry", "pk": 113}, {"fields": {"action_flag": 2, "action_time": "2019-03-23T21:59:34.992Z", "object_repr": "Microwave oven", "object_id": "15", "change_message": "[{\"changed\": {\"fields\": [\"image\"], \"object\": \"Microwave oven\", \"name\": \"product image\"}}]", "user": 20, "content_type": 9}, "model": "admin.logentry", "pk": 114}, {"fields": {"action_flag": 2, "action_time": "2019-03-23T22:00:14.994Z", "object_repr": "Dressers", "object_id": "14", "change_message": "[{\"changed\": {\"fields\": [\"image\"], \"object\": \"Dressers\", \"name\": \"product image\"}}]", "user": 20, "content_type": 9}, "model": "admin.logentry", "pk": 115}, {"fields": {"action_flag": 2, "action_time": "2019-03-23T22:00:52.817Z", "object_repr": "Cabinetry", "object_id": "13", "change_message": "[{\"changed\": {\"fields\": [\"image\"], \"object\": \"Cabinetry\", \"name\": \"product image\"}}]", "user": 20, "content_type": 9}, "model": "admin.logentry", "pk": 116}, {"fields": {"action_flag": 2, "action_time": "2019-03-23T22:01:23.651Z", "object_repr": "Drawer", "object_id": "12", "change_message": "[{\"changed\": {\"fields\": [\"image\"], \"object\": \"Drawer\", \"name\": \"product image\"}}]", "user": 20, "content_type": 9}, "model": "admin.logentry", "pk": 117}, {"fields": {"action_flag": 2, "action_time": "2019-03-23T22:01:59.668Z", "object_repr": "Bookcase", "object_id": "11", "change_message": "[{\"changed\": {\"fields\": [\"image\"], \"object\": \"Bookcase\", \"name\": \"product image\"}}]", "user": 20, "content_type": 9}, "model": "admin.logentry", "pk": 118}, {"fields": {"action_flag": 2, "action_time": "2019-03-23T22:02:24.564Z", "object_repr": "kitchen tools", "object_id": "10", "change_message": "[{\"changed\": {\"fields\": [\"image\"], \"object\": \"kitchen tools\", \"name\": \"product image\"}}]", "user": 20, "content_type": 9}, "model": "admin.logentry", "pk": 119}, {"fields": {"action_flag": 2, "action_time": "2019-03-23T22:03:02.634Z", "object_repr": "Furniture", "object_id": "8", "change_message": "[{\"changed\": {\"fields\": [\"image\"], \"object\": \"Furniture\", \"name\": \"product image\"}}]", "user": 20, "content_type": 9}, "model": "admin.logentry", "pk": 120}, {"fields": {"action_flag": 2, "action_time": "2019-03-23T22:03:22.468Z", "object_repr": "art and deco", "object_id": "7", "change_message": "[{\"changed\": {\"fields\": [\"image\"], \"object\": \"art and deco\", \"name\": \"product image\"}}]", "user": 20, "content_type": 9}, "model": "admin.logentry", "pk": 121}, {"fields": {"action_flag": 2, "action_time": "2019-03-23T22:04:38.910Z", "object_repr": "Chairs", "object_id": "3", "change_message": "[{\"changed\": {\"fields\": [\"section\", \"description\"]}}, {\"changed\": {\"fields\": [\"image\"], \"object\": \"Chairs\", \"name\": \"product image\"}}]", "user": 20, "content_type": 9}, "model": "admin.logentry", "pk": 122}, {"fields": {"action_flag": 2, "action_time": "2019-03-23T22:05:22.688Z", "object_repr": "Table", "object_id": "2", "change_message": "[{\"changed\": {\"fields\": [\"section\"]}}, {\"changed\": {\"fields\": [\"image\"], \"object\": \"Table\", \"name\": \"product image\"}}]", "user": 20, "content_type": 9}, "model": "admin.logentry", "pk": 123}, {"fields": {"action_flag": 2, "action_time": "2019-03-23T22:06:26.075Z", "object_repr": "Lenovo", "object_id": "1", "change_message": "[{\"changed\": {\"fields\": [\"section\"]}}, {\"changed\": {\"fields\": [\"image\"], \"object\": \"Lenovo\", \"name\": \"product image\"}}]", "user": 20, "content_type": 9}, "model": "admin.logentry", "pk": 124}, {"fields": {"action_flag": 2, "action_time": "2019-04-19T22:07:21.877Z", "object_repr": "bed", "object_id": "5", "change_message": "Deleted product image \"bed\".", "user": 13, "content_type": 9}, "model": "admin.logentry", "pk": 125}, {"fields": {"action_flag": 2, "action_time": "2019-04-19T22:08:08.664Z", "object_repr": "bed", "object_id": "5", "change_message": "Added product image \"bed\".", "user": 13, "content_type": 9}, "model": "admin.logentry", "pk": 126}, {"fields": {"action_flag": 2, "action_time": "2019-04-19T22:11:58.261Z", "object_repr": "Household Appliances", "object_id": "20", "change_message": "Deleted product image \"Household Appliances\".", "user": 13, "content_type": 9}, "model": "admin.logentry", "pk": 127}, {"fields": {"action_flag": 2, "action_time": "2019-04-19T22:13:43.299Z", "object_repr": "Household Appliances", "object_id": "20", "change_message": "Added product image \"Household Appliances\".", "user": 13, "content_type": 9}, "model": "admin.logentry", "pk": 128}, {"fields": {"action_flag": 2, "action_time": "2019-04-19T22:14:27.411Z", "object_repr": "home decor", "object_id": "21", "change_message": "Deleted product image \"home decor\".", "user": 13, "content_type": 9}, "model": "admin.logentry", "pk": 129}, {"fields": {"action_flag": 2, "action_time": "2019-04-19T22:14:57.748Z", "object_repr": "home decor", "object_id": "21", "change_message": "Added product image \"home decor\".", "user": 13, "content_type": 9}, "model": "admin.logentry", "pk": 130}, {"fields": {"action_flag": 2, "action_time": "2019-04-19T22:15:35.108Z", "object_repr": "Kettle", "object_id": "22", "change_message": "Changed image for product image \"Kettle\".", "user": 13, "content_type": 9}, "model": "admin.logentry", "pk": 131}, {"fields": {"action_flag": 2, "action_time": "2019-04-19T22:16:16.947Z", "object_repr": "Wheel Barrow", "object_id": "4", "change_message": "Changed image for product image \"Wheel Barrow\".", "user": 13, "content_type": 9}, "model": "admin.logentry", "pk": 132}, {"fields": {"action_flag": 2, "action_time": "2019-04-19T22:16:47.847Z", "object_repr": "Iron Bars", "object_id": "23", "change_message": "Changed image for product image \"Iron Bars\".", "user": 13, "content_type": 9}, "model": "admin.logentry", "pk": 133}, {"fields": {"action_flag": 2, "action_time": "2019-04-19T22:17:18.675Z", "object_repr": "Building Bricks", "object_id": "24", "change_message": "Changed image for product image \"Building Bricks\".", "user": 13, "content_type": 9}, "model": "admin.logentry", "pk": 134}, {"fields": {"action_flag": 2, "action_time": "2019-04-19T22:17:47.581Z", "object_repr": "Maxpads", "object_id": "25", "change_message": "Changed image for product image \"Maxpads\".", "user": 13, "content_type": 9}, "model": "admin.logentry", "pk": 135}, {"fields": {"action_flag": 2, "action_time": "2019-04-19T22:18:15.288Z", "object_repr": "Lenovo", "object_id": "1", "change_message": "Changed image for product image \"Lenovo\".", "user": 13, "content_type": 9}, "model": "admin.logentry", "pk": 136}, {"fields": {"action_flag": 2, "action_time": "2019-04-19T22:19:00.058Z", "object_repr": "Household Appliances", "object_id": "6", "change_message": "Changed image for product image \"Household Appliances\".", "user": 13, "content_type": 9}, "model": "admin.logentry", "pk": 137}, {"fields": {"action_flag": 2, "action_time": "2019-04-19T22:19:59.598Z", "object_repr": "Desktop", "object_id": "27", "change_message": "Changed image for product image \"Desktop\".", "user": 13, "content_type": 9}, "model": "admin.logentry", "pk": 138}, {"fields": {"action_flag": 2, "action_time": "2019-04-19T22:20:50.741Z", "object_repr": "Keyboard", "object_id": "28", "change_message": "Changed image for product image \"Keyboard\".", "user": 13, "content_type": 9}, "model": "admin.logentry", "pk": 139}, {"fields": {"action_flag": 2, "action_time": "2019-04-19T22:21:21.327Z", "object_repr": "Smartphones", "object_id": "30", "change_message": "Changed image for product image \"Smartphones\".", "user": 13, "content_type": 9}, "model": "admin.logentry", "pk": 140}, {"fields": {"action_flag": 2, "action_time": "2019-04-19T22:21:35.701Z", "object_repr": "Smartphones", "object_id": "29", "change_message": "Changed image for product image \"Smartphones\".", "user": 13, "content_type": 9}, "model": "admin.logentry", "pk": 141}, {"fields": {"action_flag": 2, "action_time": "2019-04-19T22:21:52.675Z", "object_repr": "airtel smart", "object_id": "31", "change_message": "Changed image for product image \"airtel smart\".", "user": 13, "content_type": 9}, "model": "admin.logentry", "pk": 142}, {"fields": {"action_flag": 2, "action_time": "2019-04-19T22:22:08.067Z", "object_repr": "sumsumg", "object_id": "32", "change_message": "Changed image for product image \"sumsumg\".", "user": 13, "content_type": 9}, "model": "admin.logentry", "pk": 143}, {"fields": {"action_flag": 2, "action_time": "2019-04-19T23:43:38.391Z", "object_repr": "bed", "object_id": "5", "change_message": "Deleted product image \"bed\".", "user": 13, "content_type": 9}, "model": "admin.logentry", "pk": 144}, {"fields": {"action_flag": 2, "action_time": "2019-04-19T23:44:05.199Z", "object_repr": "bed", "object_id": "5", "change_message": "Added product image \"bed\".", "user": 13, "content_type": 9}, "model": "admin.logentry", "pk": 145}, {"fields": {"action_flag": 1, "action_time": "2019-04-20T01:02:19.724Z", "object_repr": "Furniture", "object_id": "1", "change_message": "", "user": 13, "content_type": 32}, "model": "admin.logentry", "pk": 146}, {"fields": {"action_flag": 1, "action_time": "2019-04-20T01:02:52.618Z", "object_repr": "Wheel Barrow", "object_id": "2", "change_message": "", "user": 13, "content_type": 32}, "model": "admin.logentry", "pk": 147}, {"fields": {"action_flag": 1, "action_time": "2019-04-20T01:03:24.733Z", "object_repr": "Refrigerators", "object_id": "3", "change_message": "", "user": 13, "content_type": 32}, "model": "admin.logentry", "pk": 148}, {"fields": {"action_flag": 1, "action_time": "2019-04-25T20:39:46.347Z", "object_repr": "Kettle", "object_id": "4", "change_message": "", "user": 13, "content_type": 32}, "model": "admin.logentry", "pk": 149}, {"fields": {"action_flag": 2, "action_time": "2019-05-04T12:18:57.749Z", "object_repr": "Kettle", "object_id": "4", "change_message": "No fields changed.", "user": 13, "content_type": 32}, "model": "admin.logentry", "pk": 150}, {"fields": {"action_flag": 3, "action_time": "2019-05-04T12:27:03.155Z", "object_repr": "bed", "object_id": "5", "change_message": "", "user": 13, "content_type": 9}, "model": "admin.logentry", "pk": 151}, {"fields": {"action_flag": 1, "action_time": "2019-05-04T12:28:34.556Z", "object_repr": "Bed", "object_id": "33", "change_message": "", "user": 13, "content_type": 9}, "model": "admin.logentry", "pk": 152}, {"fields": {"action_flag": 2, "action_time": "2019-05-04T12:28:58.970Z", "object_repr": "Household Appliances", "object_id": "6", "change_message": "Changed image for product image \"Household Appliances\".", "user": 13, "content_type": 9}, "model": "admin.logentry", "pk": 153}, {"fields": {"action_flag": 2, "action_time": "2019-05-04T12:29:42.490Z", "object_repr": "Household Appliances", "object_id": "6", "change_message": "Deleted product image \"Household Appliances\".", "user": 13, "content_type": 9}, "model": "admin.logentry", "pk": 154}, {"fields": {"action_flag": 2, "action_time": "2019-05-04T12:29:58.531Z", "object_repr": "Household Appliances", "object_id": "6", "change_message": "Added product image \"Household Appliances\".", "user": 13, "content_type": 9}, "model": "admin.logentry", "pk": 155}, {"fields": {"action_flag": 1, "action_time": "2019-05-04T12:30:57.015Z", "object_repr": "House Decoration", "object_id": "34", "change_message": "", "user": 13, "content_type": 9}, "model": "admin.logentry", "pk": 156}, {"fields": {"action_flag": 3, "action_time": "2019-05-04T12:31:34.024Z", "object_repr": "home decor", "object_id": "21", "change_message": "", "user": 13, "content_type": 9}, "model": "admin.logentry", "pk": 157}, {"fields": {"action_flag": 3, "action_time": "2019-05-04T12:31:34.109Z", "object_repr": "Household Appliances", "object_id": "6", "change_message": "", "user": 13, "content_type": 9}, "model": "admin.logentry", "pk": 158}, {"fields": {"action_flag": 1, "action_time": "2019-05-04T12:32:18.459Z", "object_repr": "Home Decor", "object_id": "35", "change_message": "", "user": 13, "content_type": 9}, "model": "admin.logentry", "pk": 159}, {"fields": {"action_flag": 3, "action_time": "2019-05-04T12:32:37.270Z", "object_repr": "Household Appliances", "object_id": "20", "change_message": "", "user": 13, "content_type": 9}, "model": "admin.logentry", "pk": 160}, {"fields": {"action_flag": 1, "action_time": "2019-05-04T12:33:10.043Z", "object_repr": "Table", "object_id": "5", "change_message": "", "user": 13, "content_type": 32}, "model": "admin.logentry", "pk": 161}]